theory_id,paper_url,paper_name,paper_year
3,https://pubmed.ncbi.nlm.nih.gov/34600936/,Brain aging mechanisms with mechanical manifestations.,2021
7,https://pubmed.ncbi.nlm.nih.gov/35183431/,Targeting aging mechanisms: pharmacological perspectives.,2022
2,https://pubmed.ncbi.nlm.nih.gov/33502634/,Aging and age-related diseases: from mechanisms to therapeutic strategies.,2021
2,https://pubmed.ncbi.nlm.nih.gov/37724254/,Ovarian aging: mechanisms and intervention strategies.,2022
4,https://pubmed.ncbi.nlm.nih.gov/31538262/,D-Galactose-induced accelerated aging model: an overview.,2019
10,https://pubmed.ncbi.nlm.nih.gov/38216430/,Emerging epigenetic insights into aging mechanisms and interventions.,2024
4,https://pubmed.ncbi.nlm.nih.gov/35379822/,Adipose tissue aging: mechanisms and therapeutic implications.,2022
3,https://pubmed.ncbi.nlm.nih.gov/37548938/,Role and Potential Mechanisms of Nicotinamide Mononucleotide in Aging.,2024
1,https://pubmed.ncbi.nlm.nih.gov/31324014/,Longevity: Lesson from Model Organisms.,2019
1,https://pubmed.ncbi.nlm.nih.gov/36235150/,Selenium: An Antioxidant with a Critical Role in Anti-Aging.,2022
0,https://pubmed.ncbi.nlm.nih.gov/37863056/,Liquid-biopsy proteomics combined with AI identifies cellular drivers of eye aging and disease in vivo.,2023
2,https://pubmed.ncbi.nlm.nih.gov/11035783/,Aging mechanisms.,2000
0,https://pubmed.ncbi.nlm.nih.gov/37302556/,Aging - What it is and how to measure it.,2023
1,https://pubmed.ncbi.nlm.nih.gov/36363994/,The Role of Astaxanthin as a Nutraceutical in Health and Age-Related Conditions.,2022
5,https://pubmed.ncbi.nlm.nih.gov/40562035/,Hallmarks of stem cell aging.,2025
4,https://pubmed.ncbi.nlm.nih.gov/23454759/,Cellular senescence and the senescent secretory phenotype: therapeutic opportunities.,2013
2,https://pubmed.ncbi.nlm.nih.gov/29178613/,Aging mechanisms and intervention targets.,2017
0,https://pubmed.ncbi.nlm.nih.gov/23868700/,"Aging-mechanisms, models, and translation.",2013
5,https://pubmed.ncbi.nlm.nih.gov/31896747/,Gut stem cell aging is driven by mTORC1 via a p38 MAPK-p53 pathway.,2020
0,https://pubmed.ncbi.nlm.nih.gov/26783417/,Oxidative Stress in Disease and Aging: Mechanisms and Therapies.,2016
7,https://pubmed.ncbi.nlm.nih.gov/39198086/,Uncovering key mechanisms and intervention therapies in aging skin.,2024
10,https://pubmed.ncbi.nlm.nih.gov/35059451/,Targeting Epigenetic Mechanisms in Vascular Aging.,2021
0,https://pubmed.ncbi.nlm.nih.gov/30344885/,Oxidative Stress in Disease and Aging: Mechanisms and Therapies 2018.,2018
0,https://pubmed.ncbi.nlm.nih.gov/28246551/,Oxidative Stress in Disease and Aging: Mechanisms and Therapies 2016.,2017
4,https://pubmed.ncbi.nlm.nih.gov/39599617/,Immune Alterations with Aging: Mechanisms and Intervention Strategies.,2024
1,https://pubmed.ncbi.nlm.nih.gov/37112075/,Investigation of Polymer Aging Mechanisms Using Molecular Simulations: A Review.,2023
4,https://pubmed.ncbi.nlm.nih.gov/40609646/,"Osteoimmunology and aging: Mechanisms, implications, and therapeutic perspectives.",2025
1,https://pubmed.ncbi.nlm.nih.gov/26268334/,The Essential Mechanisms of Aging: What Have We Learnt in Ten Years?,2016
2,https://pubmed.ncbi.nlm.nih.gov/38993782/,"Immune aging: biological mechanisms, clinical symptoms, and management in lung transplant recipients.",2024
1,https://pubmed.ncbi.nlm.nih.gov/33668479/,Dietary Anti-Aging Polyphenols and Potential Mechanisms.,2021
0,https://pubmed.ncbi.nlm.nih.gov/21028967/,Highlight: The biology of aging: mechanisms and intervention.,2010
1,https://pubmed.ncbi.nlm.nih.gov/39595612/,"Organoids as Tools for Investigating Skin Aging: Mechanisms, Applications, and Insights.",2024
5,https://pubmed.ncbi.nlm.nih.gov/37872391/,Adult neurogenesis and aging mechanisms: a collection of insights.,2023
9,https://pubmed.ncbi.nlm.nih.gov/33378272/,ARDD 2020: from aging mechanisms to interventions.,2020
0,https://pubmed.ncbi.nlm.nih.gov/27493973/,"An Update on Inflamm-Aging: Mechanisms, Prevention, and Treatment.",2016
9,https://pubmed.ncbi.nlm.nih.gov/40886472/,Liver aging: underlying mechanisms and therapeutic strategies.,2025
1,https://pubmed.ncbi.nlm.nih.gov/39403409/,Unveiling mechanisms of lung aging in COPD: A promising target for therapeutics development.,2024
10,https://pubmed.ncbi.nlm.nih.gov/36619249/,Aging mechanisms-A perspective mostly from ,2020
4,https://pubmed.ncbi.nlm.nih.gov/32098040/,Molecular Mechanisms Contributing to Mesenchymal Stromal Cell Aging.,2020
2,https://pubmed.ncbi.nlm.nih.gov/40666427/,Targeting the hallmarks of aging: mechanisms and therapeutic opportunities.,2025
3,https://pubmed.ncbi.nlm.nih.gov/35979379/,Thermogenic adipose tissue aging: Mechanisms and implications.,2022
3,https://pubmed.ncbi.nlm.nih.gov/40698139/,Trends in intestinal aging: From underlying mechanisms to therapeutic strategies.,2025
1,https://pubmed.ncbi.nlm.nih.gov/33815878/,Metformin: A Potential Candidate for Targeting Aging Mechanisms.,2021
4,https://pubmed.ncbi.nlm.nih.gov/39858413/,The Intersection of Epigenetics and Senolytics in Mechanisms of Aging and Therapeutic Approaches.,2024
5,https://pubmed.ncbi.nlm.nih.gov/26088863/,Mesenchymal stem cell aging: Mechanisms and influences on skeletal and non-skeletal tissues.,2015
6,https://pubmed.ncbi.nlm.nih.gov/35259281/,Biological mechanisms of aging predict age-related disease co-occurrence in patients.,2022
0,https://pubmed.ncbi.nlm.nih.gov/8885717/,Aging mechanisms in fruit files.,1996
9,https://pubmed.ncbi.nlm.nih.gov/39187546/,Insights into aging mechanisms from comparative genomics in orange and silver roughies.,2024
1,https://pubmed.ncbi.nlm.nih.gov/40887468/,"Arterial stiffness and vascular aging: mechanisms, prevention, and therapy.",2025
2,https://pubmed.ncbi.nlm.nih.gov/36018385/,[Biological mechanisms of aging in the cardiovascular system].,2022
10,https://pubmed.ncbi.nlm.nih.gov/36947707/,Potential reversal of biological age in women following an 8-week methylation-supportive diet and lifestyle program: a case series.,2023
5,https://pubmed.ncbi.nlm.nih.gov/25100532/,"Stem cell aging: mechanisms, regulators and therapeutic opportunities.",2014
8,https://pubmed.ncbi.nlm.nih.gov/40550930/,"Biological properties, synthetic pathways and anti-aging mechanisms of nicotinamide mononucleotide (NMN): Research progress and challenges.",2025
5,https://pubmed.ncbi.nlm.nih.gov/26055182/,"Aging of Stem and Progenitor Cells: Mechanisms, Impact on Therapeutic Potential, and Rejuvenation.",2016
1,https://pubmed.ncbi.nlm.nih.gov/38093329/,The stromal microenvironment and ovarian aging: mechanisms and therapeutic opportunities.,2023
4,https://pubmed.ncbi.nlm.nih.gov/39373702/,A new model and precious tool to study molecular mechanisms of macrophage aging.,2024
5,https://pubmed.ncbi.nlm.nih.gov/23200066/,Aging mechanisms in arthritic disease.,2012
0,https://pubmed.ncbi.nlm.nih.gov/31942523/,Aging mechanisms and interventions that impact senior health: Introduction to a special issue on Geroscience.,2019
1,https://pubmed.ncbi.nlm.nih.gov/23705067/,Aging mechanisms in bone.,2012
4,https://pubmed.ncbi.nlm.nih.gov/40418230/,"Vascular senescence and aging: mechanisms, clinical implications, and therapeutic prospects.",2025
1,https://pubmed.ncbi.nlm.nih.gov/9813429/,Mechanisms of aging of the extracellular matrix: role of the elastin-laminin receptor.,1998
2,https://pubmed.ncbi.nlm.nih.gov/35000109/,The Mechanism of Stem Cell Aging.,2022
0,https://pubmed.ncbi.nlm.nih.gov/39352172/,The Power of a Complex Systems Perspective to Elucidate Aging.,2024
6,https://pubmed.ncbi.nlm.nih.gov/40301689/,ARID5A orchestrates cardiac aging and inflammation through MAVS mRNA stabilization.,2025
0,https://pubmed.ncbi.nlm.nih.gov/35956613/,Hydrothermal Aging Mechanisms of All-Steel Radial Tire Composites.,2022
1,https://pubmed.ncbi.nlm.nih.gov/40300217/,The role of granulosa cells in oocyte development and aging: Mechanisms and therapeutic opportunities.,2025
3,https://pubmed.ncbi.nlm.nih.gov/39308064/,Research advances in the function and anti-aging effects of nicotinamide mononucleotide.,2024
4,https://pubmed.ncbi.nlm.nih.gov/34290887/,Oligodendrocytes in the aging brain.,2021
1,https://pubmed.ncbi.nlm.nih.gov/28840062/,Recent Progress in Vascular Aging: Mechanisms and Its Role in Age-related Diseases.,2017
0,https://pubmed.ncbi.nlm.nih.gov/38056503/,Spatial omics: An innovative frontier in aging research.,2024
0,https://pubmed.ncbi.nlm.nih.gov/38513138/,Alterations of the blood-brain barrier during aging.,2024
4,https://pubmed.ncbi.nlm.nih.gov/38289789/,Meeting Summary of The NYO3 5th NO-Age/AD Meeting and the 1st Norway-UK Joint Meeting on Aging and Dementia: Recent Progress on the Mechanisms and Interventional Strategies.,2024
1,https://pubmed.ncbi.nlm.nih.gov/15935593/,The essential mechanisms of aging: Irreparable damage accumulation of biochemical side-reactions.,2005
0,https://pubmed.ncbi.nlm.nih.gov/28809211/,Lithium Ion Battery Anode Aging Mechanisms.,2013
1,https://pubmed.ncbi.nlm.nih.gov/40695127/,Genome-wide association and epidemiological evidence linking air pollution to aging mechanisms.,2025
3,https://pubmed.ncbi.nlm.nih.gov/40256418/,Understanding Cognitive Decline in Aging: Mechanisms and Mitigation Strategies - A Narrative Review.,2025
1,https://pubmed.ncbi.nlm.nih.gov/40790691/,Plant polyphenols delay aging: A review of their anti-aging mechanisms and bioavailability.,2025
1,https://pubmed.ncbi.nlm.nih.gov/40528054/,Molecular Mechanisms Behind Organ-Related Aging and Regulatory Effects of Natural Therapeutics.,2025
0,https://pubmed.ncbi.nlm.nih.gov/5927715/,Aging mechanisms.,1966
4,https://pubmed.ncbi.nlm.nih.gov/34828297/,Multi-Omics Interpretation of Anti-Aging Mechanisms for ω-3 Fatty Acids.,2021
7,https://pubmed.ncbi.nlm.nih.gov/24833580/,Stress biology and aging mechanisms: toward understanding the deep connection between adaptation to stress and longevity.,2014
1,https://pubmed.ncbi.nlm.nih.gov/24011311/,Psychological Stress and skin aging: a review of possible mechanisms and potential therapies.,2013
1,https://pubmed.ncbi.nlm.nih.gov/40840749/,"A review of anti-aging mechanisms of proteins, macropeptides, and related prenylated derivatives.",2025
4,https://pubmed.ncbi.nlm.nih.gov/35269841/,Age Related Osteoporosis: Targeting Cellular Senescence.,2022
0,https://pubmed.ncbi.nlm.nih.gov/37850336/,Cumulus expansion is impaired with advanced reproductive age due to loss of matrix integrity and reduced hyaluronan.,2023
4,https://pubmed.ncbi.nlm.nih.gov/39227191/,A new clinical age of aging research.,2025
4,https://pubmed.ncbi.nlm.nih.gov/38151347/,[Advances in live-imaging aging reporter mice].,2023
10,https://pubmed.ncbi.nlm.nih.gov/40404700/,An epigenetic clock for Xenopus tropicalis.,2025
1,https://pubmed.ncbi.nlm.nih.gov/35860429/,Pharmacological Approaches to Decelerate Aging: A Promising Path.,2022
8,https://pubmed.ncbi.nlm.nih.gov/38797976/,Translatability of life-extending pharmacological treatments between different species.,2024
2,https://pubmed.ncbi.nlm.nih.gov/33705290/,Importance and Meaning of TERRA Sequences for Aging Mechanisms.,2020
4,https://pubmed.ncbi.nlm.nih.gov/38950628/,Navigating oligodendrocyte precursor cell aging in brain health.,2024
4,https://pubmed.ncbi.nlm.nih.gov/38521235/,Skeleton-derived extracellular vesicles in bone and whole-body aging: From mechanisms to potential applications.,2024
0,https://pubmed.ncbi.nlm.nih.gov/30099284/,Measuring and modeling interventions in aging.,2018
0,https://pubmed.ncbi.nlm.nih.gov/39609482/,Endogenous chondroitin extends lifespan by inhibiting VHA-7-mediated tubular lysosome formation.,2024
3,https://pubmed.ncbi.nlm.nih.gov/33155651/,New Horizons: Novel Approaches to Enhance Healthspan Through Targeting Cellular Senescence and Related Aging Mechanisms.,2021
4,https://pubmed.ncbi.nlm.nih.gov/39444378/,G-quadruplex DNA and RNA in cellular senescence.,2024
5,https://pubmed.ncbi.nlm.nih.gov/28739207/,Obstructive Sleep Apnea and Hallmarks of Aging.,2017
2,https://pubmed.ncbi.nlm.nih.gov/24496911/,Bone cell senescence: mechanisms and perspectives.,2014
0,https://pubmed.ncbi.nlm.nih.gov/36597655/,Anti-aging effects of dietary phytochemicals: From ,2024
4,https://pubmed.ncbi.nlm.nih.gov/39787443/,MicroSphere 3D Structures Delay Tissue Senescence through Mechanotransduction.,2025
10,https://pubmed.ncbi.nlm.nih.gov/40956961/,Lactylation Modification and Aging: A Molecular Link in the Life Process.,2025
0,https://pubmed.ncbi.nlm.nih.gov/30838158/,Age-related Autoimmune Changes in Lacrimal Glands.,2019
0,https://pubmed.ncbi.nlm.nih.gov/36330930/,Modalities of aging in organisms with different strategies of resource allocation.,2022
1,https://pubmed.ncbi.nlm.nih.gov/36558488/,The Role and Mechanism of Polysaccharides in Anti-Aging.,2022
4,https://pubmed.ncbi.nlm.nih.gov/40980505/,Liver-bone organoids reveal senescence-driven interorgan crosstalk.,2025
0,https://pubmed.ncbi.nlm.nih.gov/30578842/,The role of arginase in aging: A systematic review.,2019
0,https://pubmed.ncbi.nlm.nih.gov/15829737/,Time and aging--mechanisms and meanings.,2005
8,https://pubmed.ncbi.nlm.nih.gov/29905792/,Yeast as a tool to identify anti-aging compounds.,2018
4,https://pubmed.ncbi.nlm.nih.gov/27380967/,"Aging, Clonality, and Rejuvenation of Hematopoietic Stem Cells.",2016
4,https://pubmed.ncbi.nlm.nih.gov/39627462/,Discovering geroprotectors through the explainable artificial intelligence-based platform AgeXtend.,2025
0,https://pubmed.ncbi.nlm.nih.gov/29370932/,Lifetime and Aging of Chromatography Resins during Biopharmaceutical Manufacture.,2018
5,https://pubmed.ncbi.nlm.nih.gov/22932881/,Current understanding of ovarian aging.,2012
0,https://pubmed.ncbi.nlm.nih.gov/9646294/,Aging mechanisms from nematodes to mammals.,1998
3,https://pubmed.ncbi.nlm.nih.gov/40967284/,The anti-aging mechanisms of Catalpol by elevating mitophagy.,2025
1,https://pubmed.ncbi.nlm.nih.gov/37960316/,The Role of Methionine-Rich Diet in Unhealthy Cerebrovascular and Brain Aging: Mechanisms and Implications for Cognitive Impairment.,2023
5,https://pubmed.ncbi.nlm.nih.gov/31303548/,Remodeling of Bone Marrow Hematopoietic Stem Cell Niches Promotes Myeloid Cell Expansion during Premature or Physiological Aging.,2019
3,https://pubmed.ncbi.nlm.nih.gov/34135771/,Proteomics and Epidemiological Models of Human Aging.,2021
1,https://pubmed.ncbi.nlm.nih.gov/34899370/,Sirtuins at the Service of Healthy Longevity.,2021
1,https://pubmed.ncbi.nlm.nih.gov/32509998/,"Aging - Oxidative stress, antioxidants and computational modeling.",2020
0,https://pubmed.ncbi.nlm.nih.gov/21925373/,Nanotechnology use with cosmeceuticals.,2011
0,https://pubmed.ncbi.nlm.nih.gov/27179790/,Systems-level analysis of human aging genes shed new light on mechanisms of aging.,2016
4,https://pubmed.ncbi.nlm.nih.gov/39704343/,The Fifth Annual Symposium of the Midwest Aging Consortium.,2025
2,https://pubmed.ncbi.nlm.nih.gov/34139318/,Mini-review: The anti-aging effects of lithium in bipolar disorder.,2021
10,https://pubmed.ncbi.nlm.nih.gov/35718942/,Regulation and roles of RNA modifications in aging-related diseases.,2022
0,https://pubmed.ncbi.nlm.nih.gov/37926585/,Accelerated aging of lithium-ion batteries: bridging battery aging analysis and operational lifetime prediction.,2023
5,https://pubmed.ncbi.nlm.nih.gov/33022333/,In vivo clonal analysis of aging hematopoietic stem cells.,2020
1,https://pubmed.ncbi.nlm.nih.gov/37571224/,Research Progress on the Anti-Aging Potential of the Active Components of Ginseng.,2023
1,https://pubmed.ncbi.nlm.nih.gov/20933613/,Metallothionein and the biology of aging.,2011
1,https://pubmed.ncbi.nlm.nih.gov/40033591/,Phytoextracts as Natural Anti-Aging Agents: Mechanisms and Strategies for Skin Rejuvenation.,2025
0,https://pubmed.ncbi.nlm.nih.gov/36845494/,Synergy of physicochemical reactions occurred during aging for harmonizing and improving flavor.,2023
6,https://pubmed.ncbi.nlm.nih.gov/40738475/,Research progress on blood therapy for anti-aging.,2025
0,https://pubmed.ncbi.nlm.nih.gov/37209753/,"Recent advances on microplastic aging: Identification, mechanism, influence factors, and additives release.",2023
4,https://pubmed.ncbi.nlm.nih.gov/30806947/,Targeting Cell Senescence for the Treatment of Age-Related Bone Loss.,2019
4,https://pubmed.ncbi.nlm.nih.gov/26924669/,Aging and adipose tissue: potential interventions for diabetes and regenerative medicine.,2016
3,https://pubmed.ncbi.nlm.nih.gov/28780002/,Sex-Specific Gene Expression and Life Span Regulation.,2017
4,https://pubmed.ncbi.nlm.nih.gov/38926642/,Analysis of the aging-related biomarker in a nonhuman primate model using multilayer omics.,2024
1,https://pubmed.ncbi.nlm.nih.gov/34118939/,Molecular and cellular pathways contributing to brain aging.,2021
9,https://pubmed.ncbi.nlm.nih.gov/32791128/,Pathophysiology of premature aging characteristics in Mendelian progeroid disorders.,2020
1,https://pubmed.ncbi.nlm.nih.gov/38928217/,Relationship between Hypoxia and Hypercapnia Tolerance and Life Expectancy.,2024
1,https://pubmed.ncbi.nlm.nih.gov/36976193/,Potential Active Marine Peptides as Anti-Aging Drugs or Drug Candidates.,2023
4,https://pubmed.ncbi.nlm.nih.gov/39600291/,Molecular underpinnings of aging contributing to systemic sclerosis pathogenesis.,2025
10,https://pubmed.ncbi.nlm.nih.gov/19591290/,[Anti-aging drugs].,2009
2,https://pubmed.ncbi.nlm.nih.gov/40650320/,Microgravity Therapy as Treatment for Decelerated Aging and Successful Longevity.,2025
0,https://pubmed.ncbi.nlm.nih.gov/26105012/,Aging mechanisms in amorphous phase-change materials.,2015
0,https://pubmed.ncbi.nlm.nih.gov/34542790/,Application of lipidomics strategy to explore aging-related biomarkers and potential anti-aging mechanisms of ginseng.,2021
2,https://pubmed.ncbi.nlm.nih.gov/37900096/,"Aging, longevity, and the role of environmental stressors: a focus on wildfire smoke and air quality.",2023
2,https://pubmed.ncbi.nlm.nih.gov/30075061/,The Spectrum of Fundamental Basic Science Discoveries Contributing to Organismal Aging.,2018
1,https://pubmed.ncbi.nlm.nih.gov/37230336/,"Dietary antioxidants and lifespan: Relevance of environmental conditions, diet, and genotype of experimental models.",2023
9,https://pubmed.ncbi.nlm.nih.gov/23382477/,Biochemical markers of aging for longitudinal studies in humans.,2013
0,https://pubmed.ncbi.nlm.nih.gov/31954190/,How age relates to spatial navigation performance: Functional and methodological considerations.,2020
2,https://pubmed.ncbi.nlm.nih.gov/34937532/,Is Evidence Supporting the Subtelomere-Telomere Theory of Aging?,2021
4,https://pubmed.ncbi.nlm.nih.gov/27561708/,Non-Coding RNA Molecules Connect Calorie Restriction and Lifespan.,2017
2,https://pubmed.ncbi.nlm.nih.gov/38879533/,Multiscale and multidisciplinary analysis of aging processes in bone.,2024
1,https://pubmed.ncbi.nlm.nih.gov/39940672/,Preeclampsia as a Study Model for Aging: The Klotho Gene Paradigm.,2025
0,https://pubmed.ncbi.nlm.nih.gov/29486694/,Externally Regulated Programmed Aging and Effects of Population Stress on Mammal Lifespan.,2017
1,https://pubmed.ncbi.nlm.nih.gov/33022200/,Current Topical Strategies for Skin-Aging and Inflammaging Treatment: Science versus Fiction.,2020
10,https://pubmed.ncbi.nlm.nih.gov/40195985/,An accelerated human in-vitro aging model mimicsin-vivo aging and facilitates dynamic testing of anti-aging compounds.,2025
5,https://pubmed.ncbi.nlm.nih.gov/35906989/,Axolotl: A resourceful vertebrate model for regeneration and beyond.,2022
9,https://pubmed.ncbi.nlm.nih.gov/33436302/,Xeroderma Pigmentosum: A Model for Human Premature Aging.,2021
10,https://pubmed.ncbi.nlm.nih.gov/38879158/,Epigenetic biomarkers in aging and longevity: Current and future application.,2024
1,https://pubmed.ncbi.nlm.nih.gov/30708978/,The Link Between Inflammaging and Degenerative Joint Diseases.,2019
1,https://pubmed.ncbi.nlm.nih.gov/34909119/,Why stem/progenitor cells lose their regenerative potential.,2021
4,https://pubmed.ncbi.nlm.nih.gov/40106151/,Evaluation of Anti-aging Agents Using the D-Galactose-Induced Accelerated Aging Model.,2025
1,https://pubmed.ncbi.nlm.nih.gov/36711026/,Aging of colloidal contaminants and pathogens in the soil environment: Implications for nanoplastic and COVID-19 risk mitigation.,2022
0,https://pubmed.ncbi.nlm.nih.gov/22964300/,Programmatic features of aging originating in development: aging mechanisms beyond molecular damage?,2012
9,https://pubmed.ncbi.nlm.nih.gov/27939088/,"Aging: Somatic Mutations, Epigenetic Drift and Gene Dosage Imbalance.",2017
1,https://pubmed.ncbi.nlm.nih.gov/35457203/,"The Relaxin-3 Receptor, RXFP3, Is a Modulator of Aging-Related Disease.",2022
0,https://pubmed.ncbi.nlm.nih.gov/26931808/,Translating the Science of Aging into Therapeutic Interventions.,2016
1,https://pubmed.ncbi.nlm.nih.gov/36587706/,Weather aging effects on modified asphalt with rubber-polyethylene composites.,2023
6,https://pubmed.ncbi.nlm.nih.gov/36715895/,Τhe Endless Beauty of Metformin: Does It Also Protect from Skin Aging? A Narrative Review.,2023
8,https://pubmed.ncbi.nlm.nih.gov/30790575/,Functional genomics of dietary restriction and longevity in yeast.,2019
1,https://pubmed.ncbi.nlm.nih.gov/39493397/,Opportunities and challenges of foodborne polyphenols applied to anti-aging health foods.,2024
4,https://pubmed.ncbi.nlm.nih.gov/40507795/,Targeting Aging Hallmarks with Monoclonal Antibodies: A New Era in Cancer Immunotherapy and Geriatric Medicine.,2025
4,https://pubmed.ncbi.nlm.nih.gov/39426025/,RBC subpopulations in RCCs affected by donor factors.,2024
8,https://pubmed.ncbi.nlm.nih.gov/37481178/,R-phycocyanin from porphyra haitanensis influences drosophila melanogaster lifespan in a sex-specific manner.,2023
3,https://pubmed.ncbi.nlm.nih.gov/38815535/,Unlocking longevity with GLP-1: A key to turn back the clock?,2024
3,https://pubmed.ncbi.nlm.nih.gov/40223287/,A Novel Research Paradigm for Sarcopenia of Limb Muscles: Lessons From the Perpetually Working Diaphragm's Anti-Aging Mechanisms.,2025
4,https://pubmed.ncbi.nlm.nih.gov/25907989/,SIRTain regulators of premature senescence and accelerated aging.,2015
0,https://pubmed.ncbi.nlm.nih.gov/39092180/,Study of aging mechanisms in LiFePO,2024
4,https://pubmed.ncbi.nlm.nih.gov/34699859/,Strategies for late phase preclinical and early clinical trials of senolytics.,2021
0,https://pubmed.ncbi.nlm.nih.gov/38758331/,Measuring Replicative Lifespan in Cryptococcus neoformans.,2024
1,https://pubmed.ncbi.nlm.nih.gov/40702898/,Aging and Herbal Interventions: Mechanistic Insights and Therapeutic Potential.,2025
5,https://pubmed.ncbi.nlm.nih.gov/23985544/,Effects of melatonin on nervous system aging: neurogenesis and neurodegeneration.,2013
4,https://pubmed.ncbi.nlm.nih.gov/32112672/,"Discovery, development, and future application of senolytics: theories and predictions.",2020
9,https://pubmed.ncbi.nlm.nih.gov/41014658/,Mini review: Gene therapy targets for aging-associated diseases.,2025
2,https://pubmed.ncbi.nlm.nih.gov/33815884/,Obstructive Sleep Apnea-hypopnea Syndrome as a Novel Potential Risk for Aging.,2021
4,https://pubmed.ncbi.nlm.nih.gov/30108193/,Role of sphingolipids in senescence: implication in aging and age-related diseases.,2018
0,https://pubmed.ncbi.nlm.nih.gov/37634295/,Impact of climate and environmental change on the menopause.,2023
0,https://pubmed.ncbi.nlm.nih.gov/26362217/,What can long-lived mutants tell us about mechanisms causing aging and lifespan variation in natural environments?,2015
4,https://pubmed.ncbi.nlm.nih.gov/39143696/,Loss of immune cell identity with age inferred from large atlases of single cell transcriptomes.,2024
1,https://pubmed.ncbi.nlm.nih.gov/2055498/,Erythrocyte aging: physical and chemical membrane changes.,1991
4,https://pubmed.ncbi.nlm.nih.gov/41117435/,Reproductive Fitness and the Links to Chronic Disease and Systemic Aging.,2025
1,https://pubmed.ncbi.nlm.nih.gov/32498474/,Experimental Models of Sarcopenia: Bridging Molecular Mechanism and Therapeutic Strategy.,2020
1,https://pubmed.ncbi.nlm.nih.gov/23050036/,Nuclear and mitochondrial DNA repair in selected eukaryotic aging model systems.,2012
7,https://pubmed.ncbi.nlm.nih.gov/31810345/,The Effects of Calorie Restriction on Autophagy: Role on Aging Intervention.,2019
10,https://pubmed.ncbi.nlm.nih.gov/23201549/,Recent advances in calorie restriction research on aging.,2013
0,https://pubmed.ncbi.nlm.nih.gov/21197651/,Computational systems biology of aging.,2011
0,https://pubmed.ncbi.nlm.nih.gov/26653202/,Aging and Lung Disease. Clinical Impact and Cellular and Molecular Pathways.,2015
10,https://pubmed.ncbi.nlm.nih.gov/19662799/,A current genetic and epigenetic view on human aging mechanisms.,2009
6,https://pubmed.ncbi.nlm.nih.gov/37964100/,Inflammation as common link to progressive neurological diseases.,2024
4,https://pubmed.ncbi.nlm.nih.gov/32041168/,Anti-aging Effects of Calorie Restriction (CR) and CR Mimetics based on the Senoinflammation Concept.,2020
0,https://pubmed.ncbi.nlm.nih.gov/26054345/,Physiological and comparative evidence fails to confirm an adaptive role for aging in evolution.,2015
3,https://pubmed.ncbi.nlm.nih.gov/22499902/,Contribution of impaired mitochondrial autophagy to cardiac aging: mechanisms and therapeutic opportunities.,2012
0,https://pubmed.ncbi.nlm.nih.gov/26547271/,Emerging programmed aging mechanisms and their medical implications.,2016
0,https://pubmed.ncbi.nlm.nih.gov/29486693/,"Evolvability, Population Benefit, and the Evolution of Programmed Aging in Mammals.",2017
4,https://pubmed.ncbi.nlm.nih.gov/26372510/,Premature aging in chronic kidney disease and chronic obstructive pulmonary disease: similarities and differences.,2015
0,https://pubmed.ncbi.nlm.nih.gov/21928349/,Near-to-perfect homeostasis: examples of universal aging rule which germline evades.,2012
4,https://pubmed.ncbi.nlm.nih.gov/32215170/,The Emerging Role of Senescence in Ocular Disease.,2020
0,https://pubmed.ncbi.nlm.nih.gov/8684716/,Changes in circadian rhythms and sleep quality with aging: mechanisms and interventions.,1995
8,https://pubmed.ncbi.nlm.nih.gov/33196092/,The nonhuman primate hypothalamo-pituitary-adrenal axis is an orchestrator of programming-aging interactions: role of nutrition.,2020
1,https://pubmed.ncbi.nlm.nih.gov/34912294/,Emerging Antioxidant Paradigm of Mesenchymal Stem Cell-Derived Exosome Therapy.,2021
1,https://pubmed.ncbi.nlm.nih.gov/33138356/,"Biochar Aging: Mechanisms, Physicochemical Changes, Assessment, And Implications for Field Applications.",2020
10,https://pubmed.ncbi.nlm.nih.gov/38421057/,Therapeutic effects of resveratrol on epigenetic mechanisms in age-related diseases: A comprehensive review.,2024
4,https://pubmed.ncbi.nlm.nih.gov/27535964/,Barriers to the Preclinical Development of Therapeutics that Target Aging Mechanisms.,2016
0,https://pubmed.ncbi.nlm.nih.gov/40684512/,Recognition of microplastic aging features based on multimodal data fusion and attention mechanisms.,2025
7,https://pubmed.ncbi.nlm.nih.gov/23303664/,Curcumin and neurodegenerative diseases.,2013
6,https://pubmed.ncbi.nlm.nih.gov/40919715/,Defining aging-associated factors that increase susceptibility to prostate cancer.,2025
3,https://pubmed.ncbi.nlm.nih.gov/35474295/,Targeting NAD+: is it a common strategy to delay heart aging?,2022
0,https://pubmed.ncbi.nlm.nih.gov/34502835/,Towards the Functional Ageing of Electrically Conductive and Sensing Textiles: A Review.,2021
8,https://pubmed.ncbi.nlm.nih.gov/33184758/,Glycolytic inhibition: an effective strategy for developing calorie restriction mimetics.,2021
0,https://pubmed.ncbi.nlm.nih.gov/35744497/,Recent Progress in Physics-Based Modeling of Electromigration in Integrated Circuit Interconnects.,2022
0,https://pubmed.ncbi.nlm.nih.gov/28690188/,Aging across the tree of life: The importance of a comparative perspective for the use of animal models in aging.,2018
0,https://pubmed.ncbi.nlm.nih.gov/19168782/,Genetic epidemiology in aging research.,2009
10,https://pubmed.ncbi.nlm.nih.gov/25247581/,"Melatonin regulates aging and neurodegeneration through energy metabolism, epigenetics, autophagy and circadian rhythm pathways.",2014
0,https://pubmed.ncbi.nlm.nih.gov/26520097/,Impact of temperature on the aging mechanisms of arsenic in soils: fractionation and bioaccessibility.,2016
4,https://pubmed.ncbi.nlm.nih.gov/40570982/,"Deciphering the anti-senescent effects of Clioquinol: Lifespan prolongation, metabolic homeostasis, and phenotypic rehabilitation in Drosophila melanogaster.",2025
10,https://pubmed.ncbi.nlm.nih.gov/40565571/,Epigenetic Clocks and Their Prospective Application in the Complex Landscape of Aging and Alzheimer's Disease.,2025
4,https://pubmed.ncbi.nlm.nih.gov/40434135/,Circadian Gene BMAL1 Regulation of Cellular Senescence in Thyroid Aging.,2025
0,https://pubmed.ncbi.nlm.nih.gov/23492562/,Role of the Maillard reaction in aging and age-related diseases. Studies at the cellular-molecular level.,2014
1,https://pubmed.ncbi.nlm.nih.gov/38387545/,"Innovative overview of the occurrence, aging characteristics, and ecological toxicity of microplastics in environmental media.",2024
0,https://pubmed.ncbi.nlm.nih.gov/32979553/,"The geroscience agenda: Toxic stress, hormetic stress, and the rate of aging.",2020
0,https://pubmed.ncbi.nlm.nih.gov/40404760/,Expanding the landscape of aging via orbitrap astral mass spectrometry and tandem mass tag integration.,2025
1,https://pubmed.ncbi.nlm.nih.gov/30960008/,Polyethylene Nanocomposites for Power Cable Insulations.,2018
4,https://pubmed.ncbi.nlm.nih.gov/40220914/,Changing landscape of hematopoietic and mesenchymal cells and their interactions during aging and in age-related skeletal pathologies.,2025
7,https://pubmed.ncbi.nlm.nih.gov/23910180/,Dentin adhesion and MMPs: a comprehensive review.,2013
1,https://pubmed.ncbi.nlm.nih.gov/22582162/,Abnormal lung aging in chronic obstructive pulmonary disease and idiopathic pulmonary fibrosis.,2012
1,https://pubmed.ncbi.nlm.nih.gov/35760023/,Flavonoids from Rhododendron nivale Hook. f delay aging via modulation of gut microbiota and glutathione metabolism.,2022
6,https://pubmed.ncbi.nlm.nih.gov/6991/,The regulation of physiological changes during mammalian aging.,1976
10,https://pubmed.ncbi.nlm.nih.gov/32743556/,DNA Methylation Clocks and Their Predictive Capacity for Aging Phenotypes and Healthspan.,2020
10,https://pubmed.ncbi.nlm.nih.gov/26895224/,Investigating the specific core genetic-and-epigenetic networks of cellular mechanisms involved in human aging in peripheral blood mononuclear cells.,2016
1,https://pubmed.ncbi.nlm.nih.gov/31269075/,The effect of aging in primary human dermal fibroblasts.,2019
3,https://pubmed.ncbi.nlm.nih.gov/40170682/,Robust assembly of electron transfer chain in the brain of naked mole-rats during aging.,2025
9,https://pubmed.ncbi.nlm.nih.gov/36170432/,Targeting Cellular Senescence for Age-Related Diseases: Path to Clinical Translation.,2022
0,https://pubmed.ncbi.nlm.nih.gov/38622100/,Exploring Patterns of Human Mortality and Aging: A Reliability Theory Viewpoint.,2024
7,https://pubmed.ncbi.nlm.nih.gov/40954782/,Integrating coarse-grained simulations and machine learning to uncover protein aging mechanisms.,2025
8,https://pubmed.ncbi.nlm.nih.gov/21428920/,A longer and healthier life with TOR down-regulation: genetics and drugs.,2011
0,https://pubmed.ncbi.nlm.nih.gov/30067200/,"[Caenorhabditis elegans as a model organism for aging: relevance, limitations and future].",2018
0,https://pubmed.ncbi.nlm.nih.gov/37778309/,Microplastic pollution in terrestrial ecosystems: Global implications and sustainable solutions.,2024
1,https://pubmed.ncbi.nlm.nih.gov/38095562/,Aging Hallmarks and Progression and Age-Related Diseases: A Landscape View of Research Advancement.,2024
0,https://pubmed.ncbi.nlm.nih.gov/17126379/,Genome-wide identification of conserved longevity genes in yeast and worms.,2007
1,https://pubmed.ncbi.nlm.nih.gov/23050038/,Pleiotropic cellular functions of PARP1 in longevity and aging: genome maintenance meets inflammation.,2012
5,https://pubmed.ncbi.nlm.nih.gov/41105860/,"Decoding Dental Stem Cell Aging: Mechanisms, Therapeutic Strategies, and Beyond.",2025
0,https://pubmed.ncbi.nlm.nih.gov/9088899/,Comparative aging and life histories in mammals.,1997
0,https://pubmed.ncbi.nlm.nih.gov/41012213/,Aging Mechanisms and Performance Degradation of XLPE Submarine Cable Insulation Under Marine Major Anion Effects.,2025
1,https://pubmed.ncbi.nlm.nih.gov/32977738/,Contribution of Ferroptosis to Aging and Frailty.,2020
4,https://pubmed.ncbi.nlm.nih.gov/31770722/,Latest advances in aging research and drug discovery.,2019
0,https://pubmed.ncbi.nlm.nih.gov/28259118/,Evolution of Aging Theories: Why Modern Programmed Aging Concepts Are Transforming Medical Research.,2016
4,https://pubmed.ncbi.nlm.nih.gov/28869295/,The Clinical Potential of Senolytic Drugs.,2017
4,https://pubmed.ncbi.nlm.nih.gov/36396643/,A Glb1-2A-mCherry reporter monitors systemic aging and predicts lifespan in middle-aged mice.,2022
0,https://pubmed.ncbi.nlm.nih.gov/39112719/,"Anti-aging interventions in geriatric mice: insights into the timing of treatment, benefits, and limitations.",2025
3,https://pubmed.ncbi.nlm.nih.gov/40286039/,"Dipalmitoylphosphatidylcholine Lipid Vesicles for Delivering HMB, NMN, and L-Leucine in Sarcopenia Therapy.",2025
0,https://pubmed.ncbi.nlm.nih.gov/40997469/,Dual-Stress aging of UV-CIPP composites: Microbial and mechanical degradation mechanisms in corrosive environments.,2025
1,https://pubmed.ncbi.nlm.nih.gov/40083903/,The wheel of time: The environmental dance of aged micro- and nanoplastics and their biological resonance.,2025
8,https://pubmed.ncbi.nlm.nih.gov/33039674/,Vitamin D - A host directed autophagy mediated therapy for tuberculosis.,2020
1,https://pubmed.ncbi.nlm.nih.gov/8891668/,Aging and oxidative stress: modulation by dietary restriction.,1996
4,https://pubmed.ncbi.nlm.nih.gov/40765725/,Recent progress in stem cell and immune cell-based interventions for aging and age-related disorders.,2025
1,https://pubmed.ncbi.nlm.nih.gov/36414078/,Anti-aging effects of polysaccharides from ginseng extract residues in Caenorhabditis elegans.,2023
1,https://pubmed.ncbi.nlm.nih.gov/39725206/,Enhanced oxidative potential and SO,2025
8,https://pubmed.ncbi.nlm.nih.gov/35486979/,Amino Acid Availability Is Not Essential for Life-Span Extension by Dietary Restriction in the Fly.,2022
1,https://pubmed.ncbi.nlm.nih.gov/30378035/,Peroxisomes and Cellular Oxidant/Antioxidant Balance: Protein Redox Modifications and Impact on Inter-organelle Communication.,2018
8,https://pubmed.ncbi.nlm.nih.gov/25642019/,Rotifers as experimental tools for investigating aging.,2015
5,https://pubmed.ncbi.nlm.nih.gov/41043403/,Stem cell research in space: Advancing regenerative medicine beyond Earth.,2025
8,https://pubmed.ncbi.nlm.nih.gov/19943137/,Do long-lived mutant and calorie-restricted mice share common anti-aging mechanisms?--a pathological point of view.,2006
0,https://pubmed.ncbi.nlm.nih.gov/34273382/,A new mechanistic insight into fate decisions during yeast cell aging process.,2021
0,https://pubmed.ncbi.nlm.nih.gov/15848420/,Aging mechanisms of perfluorocarbon emulsions using image analysis.,2005
1,https://pubmed.ncbi.nlm.nih.gov/40463657/,Integrative lipidomics and proteomics reveal the aging mechanisms of heat-treated oat flour during long-term storage.,2025
4,https://pubmed.ncbi.nlm.nih.gov/36287172/,Combining stem cell rejuvenation and senescence targeting to synergistically extend lifespan.,2022
0,https://pubmed.ncbi.nlm.nih.gov/40095188/,Machine vision-based frailty assessment for genetically diverse mice.,2025
1,https://pubmed.ncbi.nlm.nih.gov/32398747/,Naked mole-rat very-high-molecular-mass hyaluronan exhibits superior cytoprotective properties.,2020
0,https://pubmed.ncbi.nlm.nih.gov/19424857/,Comparative and alternative approaches and novel animal models for aging research: introduction to special issue.,2008
2,https://pubmed.ncbi.nlm.nih.gov/28259119/,Possible Interventions to Modify Aging.,2016
0,https://pubmed.ncbi.nlm.nih.gov/35517220/,Studies on durability of sustainable biobased composites: a review.,2020
0,https://pubmed.ncbi.nlm.nih.gov/37780015/,Molecular Evidence of Structural Changes in Silk Using Unlimited Degradation Mass Spectrometry.,2023
1,https://pubmed.ncbi.nlm.nih.gov/38202669/,Discovery of a 4-Hydroxy-3'-Trifluoromethoxy-Substituted Resveratrol Derivative as an Anti-Aging Agent.,2023
1,https://pubmed.ncbi.nlm.nih.gov/40808101/,Performance of Asphalt Materials Based on Molecular Dynamics Simulation: A Review.,2025
1,https://pubmed.ncbi.nlm.nih.gov/37978939/,Mobile Phase Aging and Its Impact on Electrospray Ionization of Oligonucleotides.,2023
3,https://pubmed.ncbi.nlm.nih.gov/34093653/,Comparative Analysis of Multiple Neurodegenerative Diseases Based on Advanced Epigenetic Aging Brain.,2021
0,https://pubmed.ncbi.nlm.nih.gov/35746221/,Implementation of Aging Mechanism Analysis and Prediction for XILINX 7-Series FPGAs with a 28-nm Process.,2022
10,https://pubmed.ncbi.nlm.nih.gov/38269100/,HDAC1/2 inhibitor therapy improves multiple organ systems in aged mice.,2024
10,https://pubmed.ncbi.nlm.nih.gov/39853302/,EpiAge: a next-generation sequencing-based ,2025
1,https://pubmed.ncbi.nlm.nih.gov/32197203/,Aging mechanism of microplastics with UV irradiation and its effects on the adsorption of heavy metals.,2020
0,https://pubmed.ncbi.nlm.nih.gov/19462775/,"[The system theory of aging: methodological principles, basic tenets and applications].",2009
0,https://pubmed.ncbi.nlm.nih.gov/39274119/,Research on the Thermal Aging Mechanism of Polyvinyl Alcohol Hydrogel.,2024
4,https://pubmed.ncbi.nlm.nih.gov/34596723/,Morphological and metabolic changes in an aged strain of Agaricus bisporus As2796.,2021
9,https://pubmed.ncbi.nlm.nih.gov/37850649/,AgeAnnoMO: a knowledgebase of multi-omics annotation for animal aging.,2024
0,https://pubmed.ncbi.nlm.nih.gov/39464131/,Machine vision based frailty assessment for genetically diverse mice.,2024
1,https://pubmed.ncbi.nlm.nih.gov/35215447/,Bamboo Leaf Flavonoids Suppress Oxidative Stress-Induced Senescence of HaCaT Cells and UVB-Induced Photoaging of Mice through p38 MAPK and Autophagy Signaling.,2022
3,https://pubmed.ncbi.nlm.nih.gov/33838645/,Aging features of the migratory locust at physiological and transcriptional levels.,2021
5,https://pubmed.ncbi.nlm.nih.gov/40370955/,"Age-related declines in niche self-renewal factors controls testis aging and spermatogonial stem cell competition through Hairless, Imp, and Chinmo.",2025
9,https://pubmed.ncbi.nlm.nih.gov/11582771/,[The use of mutagenic and transgenic mice for the study of aging mechanisms and age pathology].,2001
6,https://pubmed.ncbi.nlm.nih.gov/33336875/,"Modeling the human aging transcriptome across tissues, health status, and sex.",2021
1,https://pubmed.ncbi.nlm.nih.gov/37876807/,Quantifying evolution of soot mixing state from transboundary transport of biomass burning emissions.,2023
1,https://pubmed.ncbi.nlm.nih.gov/39065387/,Degradation of Poly(3-hydroxybutyrate-co-3-hydroxyvalerate) Reinforced with Regenerated Cellulose Fibers.,2024
6,https://pubmed.ncbi.nlm.nih.gov/21072987/,"The aging brain, neuroinflammatory signaling and sleep-wake regulation.",2010
4,https://pubmed.ncbi.nlm.nih.gov/25818897/,Age-associated skin changes in innate immunity markers reflect a complex interaction between aging mechanisms in the sebaceous gland.,2015
1,https://pubmed.ncbi.nlm.nih.gov/37757938/,Aging effects on residential biomass burning emissions under quasi-real atmospheric conditions.,2023
2,https://pubmed.ncbi.nlm.nih.gov/12180600/,Chondrocyte senescence and telomere regulation: implications in cartilage aging and cancer (a brief review).,2002
1,https://pubmed.ncbi.nlm.nih.gov/35629864/,Understanding Aging Mechanisms in the Context of UV Irradiation of a Low Fouling and Self-Cleaning PVDF-PVP-TiO,2022
10,https://pubmed.ncbi.nlm.nih.gov/39871889/,Global insights into aging: a multidisciplinary approach to understanding and addressing age-related challenges.,2024
1,https://pubmed.ncbi.nlm.nih.gov/8297929/,FRAR course on laboratory approaches to aging. The comparative perspective and choice of animal models in aging research.,1993
0,https://pubmed.ncbi.nlm.nih.gov/37377084/,Suppressing Structural Relaxation in Nanoscale Antimony to Enable Ultralow-Drift Phase-Change Memory Applications.,2023
9,https://pubmed.ncbi.nlm.nih.gov/16246641/,Gene expression and DNA repair in progeroid syndromes and human aging.,2005
3,https://pubmed.ncbi.nlm.nih.gov/25027560/,Voluntary exercise promotes beneficial anti-aging mechanisms in SAMP8 female brain.,2015
0,https://pubmed.ncbi.nlm.nih.gov/21954627/,[Longevity control in fungi and other organisms. The conception of scales].,2011
4,https://pubmed.ncbi.nlm.nih.gov/40642598/,3D models to study therapy-induced senescence: where do we stand now?,2025
0,https://pubmed.ncbi.nlm.nih.gov/36802636/,Physical Aging of Polystyrene Confined in Anodic Aluminum Oxide Nanopores.,2023
0,https://pubmed.ncbi.nlm.nih.gov/39528024/,Degradation behaviors of asphalt by microorganisms in asphalt pavement structure.,2025
10,https://pubmed.ncbi.nlm.nih.gov/34598831/,Examining age-dependent DNA methylation patterns and gene expression in the male and female mouse hippocampus.,2021
0,https://pubmed.ncbi.nlm.nih.gov/7395631/,Environment and aging: an approach to the analysis of aging mechanisms using poikilothermic vertebrates.,1980
0,https://pubmed.ncbi.nlm.nih.gov/39828392/,C57BL/6J and C57BL/6N mice show distinct aging-associated behavioral alterations.,2025
1,https://pubmed.ncbi.nlm.nih.gov/34576485/,Micromagnetic Microstructure- and Stress-Independent Materials Characterization in Reactor Safety Research.,2021
2,https://pubmed.ncbi.nlm.nih.gov/19269917/,Psychological and metabolic stress: a recipe for accelerated cellular aging?,2009
4,https://pubmed.ncbi.nlm.nih.gov/37880106/,Potential Clinical Implications of Senotherapies for Cardiovascular Disease.,2024
0,https://pubmed.ncbi.nlm.nih.gov/39202914/,State-of-the-Art Review on the Behavior of Bio-Asphalt Binders and Mixtures.,2024
1,https://pubmed.ncbi.nlm.nih.gov/7140862/,"Quercetin, flavonoids and the life-span of mice.",1982
1,https://pubmed.ncbi.nlm.nih.gov/36358487/,Astaxanthin Induces Transcriptomic Responses Associated with Lifespan Extension in ,2022
5,https://pubmed.ncbi.nlm.nih.gov/28211118/,Transcriptional and Cell Cycle Alterations Mark Aging of Primary Human Adipose-Derived Stem Cells.,2017
4,https://pubmed.ncbi.nlm.nih.gov/38540205/,CLCA2: A Potential Guardian against Premature Senescence and Skin Aging.,2024
0,https://pubmed.ncbi.nlm.nih.gov/19433103/,Aging defined by a chronologic-replicative protein network in Saccharomyces cerevisiae: an interactome analysis.,2009
1,https://pubmed.ncbi.nlm.nih.gov/26318854/,Age-related cellular changes in the long-lived bivalve A. islandica.,2015
1,https://pubmed.ncbi.nlm.nih.gov/39018600/,Mechanistic insight into the photoconversion of losartan potassium mediated by different types of microplastics.,2024
0,https://pubmed.ncbi.nlm.nih.gov/32693105/,"Lack of consensus on an aging biology paradigm? A global survey reveals an agreement to disagree, and the need for an interdisciplinary framework.",2020
0,https://pubmed.ncbi.nlm.nih.gov/23527523/,Overview of clinical alternatives to minimize the degradation of the resin-dentin bonds.,2013
6,https://pubmed.ncbi.nlm.nih.gov/32589948/,Age-Induced Reduction in Human Lipolysis: A Potential Role for Adipocyte Noradrenaline Degradation.,2020
0,https://pubmed.ncbi.nlm.nih.gov/19432207/,[Geroprotectors: specific action or hormesis?].,2008
4,https://pubmed.ncbi.nlm.nih.gov/34680063/,Bisphenol A Induces Accelerated Cell Aging in Murine Endothelium.,2021
2,https://pubmed.ncbi.nlm.nih.gov/29380327/,Telomere Length Analysis: A Tool for Dissecting Aging Mechanisms in Developmental Programming.,2018
1,https://pubmed.ncbi.nlm.nih.gov/14698817/,Birds as long-lived animal models for the study of aging.,2003
6,https://pubmed.ncbi.nlm.nih.gov/24292624/,Drosophila life span and physiology are modulated by sexual perception and reward.,2014
3,https://pubmed.ncbi.nlm.nih.gov/40849748/,Synergistic Enhancement of Anti-aging Effects on Human Umbilical Vein Endothelial Cells Treated With the Combination of Ferulic Acid and Rapamycin.,2025
4,https://pubmed.ncbi.nlm.nih.gov/35524953/,"Comparative veterinary geroscience: mechanism of molecular, cellular, and tissue aging in humans, laboratory animal models, and companion dogs and cats.",2022
0,https://pubmed.ncbi.nlm.nih.gov/38412150/,A unified framework for evolutionary genetic and physiological theories of aging.,2024
1,https://pubmed.ncbi.nlm.nih.gov/31067821/,"Aging of Bioactive Glass-Based Foams: Effects on Structure, Properties, and Bioactivity.",2019
1,https://pubmed.ncbi.nlm.nih.gov/39886451/,Identifying the Activated Carbon Electrode Aging Pathways in Lithium-Ion Hybrid Capacitors.,2025
4,https://pubmed.ncbi.nlm.nih.gov/41009425/,In Silico Assessment of Potential Geroprotectors: From Separate Endpoints to Complex Pharmacotherapeutic Effects.,2025
8,https://pubmed.ncbi.nlm.nih.gov/20041772/,Persimmon oligomeric proanthocyanidins extend life span of senescence-accelerated mice.,2009
0,https://pubmed.ncbi.nlm.nih.gov/32362080/,[Natural age-related cognitive impairments: overview of recent investigations in non-human primates.].,2020
0,https://pubmed.ncbi.nlm.nih.gov/31738480/,Low-Temperature Charging and Aging Mechanisms of Si/C Composite Anodes in Li-Ion Batteries: An Operando Neutron Scattering Study.,2020
0,https://pubmed.ncbi.nlm.nih.gov/36358443/,Interpretation for Individual Brain Age Prediction Based on Gray Matter Volume.,2022
1,https://pubmed.ncbi.nlm.nih.gov/40419453/,ElixirSeeker: A Machine Learning Framework Utilizing Fusion Molecular Fingerprints for the Discovery of Lifespan-Extending Compounds.,2025
4,https://pubmed.ncbi.nlm.nih.gov/18508713/,The use of genetically engineered model systems for research on human aging.,2008
0,https://pubmed.ncbi.nlm.nih.gov/39345470/,Isolating the Direct Effects of Growth Hormone on Lifespan and Metabolism.,2024
3,https://pubmed.ncbi.nlm.nih.gov/18054193/,Evolving insight into the role of mitochondrial DNA mutations in aging.,2008
4,https://pubmed.ncbi.nlm.nih.gov/24345469/,In vitro lifespan and senescence mechanisms of human nucleus pulposus chondrocytes.,2014
0,https://pubmed.ncbi.nlm.nih.gov/36326686/,IGF1 gene therapy in middle-aged female rats delays reproductive senescence through its effects on hypothalamic GnRH and kisspeptin neurons.,2022
1,https://pubmed.ncbi.nlm.nih.gov/39002654/,Aging properties of polyethylene and polylactic acid microplastics and their adsorption behavior of Cd(II) and Cr(VI) in aquatic environments.,2024
8,https://pubmed.ncbi.nlm.nih.gov/24097824/,Twenty-fifth annual Pezcoller Symposium: Metabolism and tumorigenesis.,2013
9,https://pubmed.ncbi.nlm.nih.gov/40959764/,"NETSseq reveals inflammatory and aging mechanisms in distinct cell types, driving cerebellar decline in ataxia telangiectasia.",2025
1,https://pubmed.ncbi.nlm.nih.gov/35518775/,Insight into the anti-aging mechanisms of natural phenolic antioxidants in natural rubber composites using a screening strategy based on molecular simulation.,2020
0,https://pubmed.ncbi.nlm.nih.gov/33045597/,Do membrane filtration systems in drinking water treatment plants release nano/microplastics?,2021
7,https://pubmed.ncbi.nlm.nih.gov/33290253/,Longitudinal profiling of the blood transcriptome in an African green monkey aging model.,2020
4,https://pubmed.ncbi.nlm.nih.gov/20888895/,"Endocrine function and neurobiology of the longest-living rodent, the naked mole-rat.",2011
0,https://pubmed.ncbi.nlm.nih.gov/39012664/,Environmental and Climate Impacts on Physiological Aging: Comprehensive Pathways to Enhanced Age-related Resilience.,2024
1,https://pubmed.ncbi.nlm.nih.gov/34926880/,3ε-A Versatile Operando Analytics Toolbox in Energy Storage.,2021
1,https://pubmed.ncbi.nlm.nih.gov/39158511/,Analyzing the Effect of Electrolyte Quantity on the Aging of Lithium-Ion Batteries.,2024
1,https://pubmed.ncbi.nlm.nih.gov/39300200/,A multi-stage lithium-ion battery aging dataset using various experimental design methodologies.,2024
2,https://pubmed.ncbi.nlm.nih.gov/39419135/,Tenebrio molitor (Mealworm) protein as a sustainable dietary strategy to improve health span in D-galactose-induced aged mice.,2024
0,https://pubmed.ncbi.nlm.nih.gov/23079711/,NF-κB controls Il2 and Csf2 expression during T cell development and activation process.,2013
0,https://pubmed.ncbi.nlm.nih.gov/34122000/,Explainable Deep Learning for Personalized Age Prediction With Brain Morphology.,2021
1,https://pubmed.ncbi.nlm.nih.gov/40708776/,Black Tea Aqueous Extract Extends Yeast Longevity via Antioxidant Gene Activation: Transcriptomic Analysis of Anti-Aging Mechanisms.,2025
0,https://pubmed.ncbi.nlm.nih.gov/41076914/,Divergent aging pathways in polypropylene microplastics: Ionizing radiation induced oxygen containing functional groups govern pollutant adsorption.,2025
0,https://pubmed.ncbi.nlm.nih.gov/31178715/,Deep Learning and Multiplex Networks for Accurate Modeling of Brain Age.,2019
8,https://pubmed.ncbi.nlm.nih.gov/37175514/,GSPE Pre-Treatment Exerts Long-Lasting Preventive Effects against Aging-Induced Changes in the Colonic Enterohormone Profile of Female Rats.,2023
7,https://pubmed.ncbi.nlm.nih.gov/37782826/,Multidimensional Super-Resolution Microscopy Unveils Nanoscale Surface Aggregates in the Aging of FUS Condensates.,2023
7,https://pubmed.ncbi.nlm.nih.gov/24217021/,Label-free quantitative protein profiling of vastus lateralis muscle during human aging.,2014
1,https://pubmed.ncbi.nlm.nih.gov/29897472/,"Exploring the fate of mRNA in aging seeds: protection, destruction, or slow decay?",2018
1,https://pubmed.ncbi.nlm.nih.gov/33336159/,"Aging markers in human urine: A comprehensive, non-targeted LC-MS study.",2020
1,https://pubmed.ncbi.nlm.nih.gov/16546325/,Possible acceleration of aging by adjuvant chemotherapy: a cause of early onset frailty?,2006
0,https://pubmed.ncbi.nlm.nih.gov/38510142/,Health diagnosis and recuperation of aged Li-ion batteries with data analytics and equivalent circuit modeling.,2024
1,https://pubmed.ncbi.nlm.nih.gov/40113322/,[Research Progress on Plastic Aging Processes and Their Environmental Hazards].,2025
3,https://pubmed.ncbi.nlm.nih.gov/25887273/,Integromics network meta-analysis on cardiac aging offers robust multi-layer modular signatures and reveals micronome synergism.,2015
4,https://pubmed.ncbi.nlm.nih.gov/39757115/,The network structural entropy for single-cell RNA sequencing data during skin aging.,2024
8,https://pubmed.ncbi.nlm.nih.gov/22745480/,Neurite sprouting and synapse deterioration in the aging Caenorhabditis elegans nervous system.,2012
3,https://pubmed.ncbi.nlm.nih.gov/40795766/,Tissue-specific molecular regulation of aging mechanisms with methionine restriction in mice and the potential role of methionine sulfoxide reductase.,2025
5,https://pubmed.ncbi.nlm.nih.gov/31298565/,Adipose-Derived Stem/Stromal Cells Recapitulate Aging Biomarkers and Show Reduced Stem Cell Plasticity Affecting Their Adipogenic Differentiation Capacity.,2019
0,https://pubmed.ncbi.nlm.nih.gov/36871465/,New sight of microplastics aging: Reducing agents promote rapid aging of microplastics under anoxic conditions.,2023
1,https://pubmed.ncbi.nlm.nih.gov/36367773/,Krill oil protects dopaminergic neurons from age-related degeneration through temporal transcriptome rewiring and suppression of several hallmarks of aging.,2022
0,https://pubmed.ncbi.nlm.nih.gov/21648461/,Microstructure-based modeling of aging mechanisms in catalyst layers of polymer electrolyte fuel cells.,2011
0,https://pubmed.ncbi.nlm.nih.gov/41100232/,Modified Fourier-domain Transfer Entropy for Cardiovascular Analysis: Insights into Aging Mechanisms.,2025
1,https://pubmed.ncbi.nlm.nih.gov/31086243/,Long-lived Temnothorax ant queens switch from investment in immunity to antioxidant production with age.,2019
6,https://pubmed.ncbi.nlm.nih.gov/40299450/,Nonlinear Dynamics of TNFR1 and TNFR2 Expression on Immune Cells: Genetic and Age-Related Aspects of Inflamm-Aging Mechanisms.,2025
8,https://pubmed.ncbi.nlm.nih.gov/19371777/,The somatotropic axis and aging: mechanisms and persistent questions about practical implications.,2009
7,https://pubmed.ncbi.nlm.nih.gov/26103567/,Analysis of Alpha-2 Macroglobulin from the Long-Lived and Cancer-Resistant Naked Mole-Rat and Human Plasma.,2015
5,https://pubmed.ncbi.nlm.nih.gov/33174606/,UTX maintains the functional integrity of the murine hematopoietic system by globally regulating aging-associated genes.,2021
6,https://pubmed.ncbi.nlm.nih.gov/39798764/,Klotho protein: A key modulator of aging and COVID-19 severity.,2025
3,https://pubmed.ncbi.nlm.nih.gov/23071729/,"Beta-lapachone, a modulator of NAD metabolism, prevents health declines in aged mice.",2012
10,https://pubmed.ncbi.nlm.nih.gov/24792119/,Epigenomic profiling of young and aged HSCs reveals concerted changes during aging that reinforce self-renewal.,2014
3,https://pubmed.ncbi.nlm.nih.gov/31779658/,547 transcriptomes from 44 brain areas reveal features of the aging brain in non-human primates.,2019
9,https://pubmed.ncbi.nlm.nih.gov/30417124/,Conserved Pbp1/Ataxin-2 regulates retrotransposon activity and connects polyglutamine expansion-driven protein aggregation to lifespan-controlling rDNA repeats.,2018
1,https://pubmed.ncbi.nlm.nih.gov/12957648/,An automated high-throughput assay for survival of the nematode Caenorhabditis elegans.,2003
1,https://pubmed.ncbi.nlm.nih.gov/2014146/,Oxidative stress in newborn erythrocytes.,1991
0,https://pubmed.ncbi.nlm.nih.gov/41074237/,"Unveiling the Electrolyte and Solid Electrolyte Interphase in Sodium Ion Batteries: Mechanisms, Progress, and Perspectives.",2025
6,https://pubmed.ncbi.nlm.nih.gov/31703303/,Prostaglandin E2 Induces Skin Aging via E-Prostanoid 1 in Normal Human Dermal Fibroblasts.,2019
1,https://pubmed.ncbi.nlm.nih.gov/36631466/,SiO-induced thermal instability and interplay between graphite and SiO in graphite/SiO composite anode.,2023
7,https://pubmed.ncbi.nlm.nih.gov/37503034/,Multidimensional super-resolution microscopy unveils nanoscale surface aggregates in the aging of FUS condensates.,2023
0,https://pubmed.ncbi.nlm.nih.gov/35019929/,Prebiotic ,2022
1,https://pubmed.ncbi.nlm.nih.gov/35521525/,Battery health evaluation using a short random segment of constant current charging.,2022
3,https://pubmed.ncbi.nlm.nih.gov/34166224/,The consequences of a high-calorie diet background before calorie restriction on skeletal muscles in a mouse model.,2021
9,https://pubmed.ncbi.nlm.nih.gov/22766507/,Quantitative analysis of WRN exonuclease activity by isotope dilution mass spectrometry.,2012
8,https://pubmed.ncbi.nlm.nih.gov/22248233/,The anti-neurodegenerative agent clioquinol regulates the transcription factor FOXO1a.,2012
0,https://pubmed.ncbi.nlm.nih.gov/38354654/,Chemometrics combined with comprehensive two-dimensional gas chromatography-mass spectrometry for the identification of Baijiu vintage.,2024
1,https://pubmed.ncbi.nlm.nih.gov/22484922/,Anti-aging effects of hesperidin on Saccharomyces cerevisiae via inhibition of reactive oxygen species and UTH1 gene expression.,2012
1,https://pubmed.ncbi.nlm.nih.gov/37493566/,Quantitative Analysis of Origin of Lithium Inventory Loss and Interface Evolution over Extended Fast Charge Aging in Li Ion Batteries.,2023
0,https://pubmed.ncbi.nlm.nih.gov/41121533/,EXPRESS: Two-Dimensional Correlation Spectroscopy Analysis of Bloodstain Aging Using Fluorescence Spectral Data.,2025
0,https://pubmed.ncbi.nlm.nih.gov/33036207/,Effect of Thermal and Oxidative Aging on Asphalt Binders Rheology and Chemical Composition.,2020
1,https://pubmed.ncbi.nlm.nih.gov/36770050/,Investigations for Material Tracing in Selective Laser Sintering: Part Ι: Methodical Selection of a Suitable Marking Agent.,2023
1,https://pubmed.ncbi.nlm.nih.gov/27008700/,C-phycocyanin protects against low fertility by inhibiting reactive oxygen species in aging mice.,2016
1,https://pubmed.ncbi.nlm.nih.gov/40732874/,Effects of Moisture Absorption on the Mechanical and Fatigue Properties of Natural Fiber Composites: A Review.,2025
1,https://pubmed.ncbi.nlm.nih.gov/34862078/,Insights into the mechanism of flavor compound changes in strong flavor baijiu during storage by using the density functional theory and molecular dynamics simulation.,2022
1,https://pubmed.ncbi.nlm.nih.gov/40673890/,Surprising Relationship between Silicon Anode Calendar Aging and Electrolyte Components in a Localized High-Concentration Electrolyte System.,2025
1,https://pubmed.ncbi.nlm.nih.gov/35454614/,Analysis of the Mechanical Properties and Damage Mechanism of Carbon Fiber/Epoxy Composites under UV Aging.,2022
2,https://pubmed.ncbi.nlm.nih.gov/40303469/,Leukocyte telomere attrition in cognitive decline: associations with APOE genotype and cardiovascular risk factors.,2025
0,https://pubmed.ncbi.nlm.nih.gov/16706671/,Negligible senescence: how will we know it when we see it?,2006
8,https://pubmed.ncbi.nlm.nih.gov/15339392/,Establishment of a cell-based assay to screen regulators for Klotho gene promoter.,2004
6,https://pubmed.ncbi.nlm.nih.gov/23885565/,[Age-related changes in mast cells and eosinophils of human dermis].,2013
7,https://pubmed.ncbi.nlm.nih.gov/17522351/,"Age-related increase of insoluble, phosphorylated small heat shock proteins in human skeletal muscle.",2007
1,https://pubmed.ncbi.nlm.nih.gov/40741327/,Revealing age-related changes in the intraocular microenvironment and senescence modulators using aqueous humor proteomics and machine learning.,2025
0,https://pubmed.ncbi.nlm.nih.gov/24802990/,Cross-population validation of statistical distance as a measure of physiological dysregulation during aging.,2014
0,https://pubmed.ncbi.nlm.nih.gov/40944578/,Dual-Functional Molecular Stabilization of Spacer Cation-Mediated Aging Dynamics in Low-Dimensional Perovskite Precursors Enables Efficient Solar Cells.,2025
8,https://pubmed.ncbi.nlm.nih.gov/39982203/,eNODAL: an experimentally guided nutriomics data clustering method to unravel complex drug-diet interactions.,2024
0,https://pubmed.ncbi.nlm.nih.gov/40141625/,Simplified Mechanistic Aging Model for Lithium Ion Batteries in Large-Scale Applications.,2025
9,https://pubmed.ncbi.nlm.nih.gov/32163596/,ATM suppresses leaf senescence triggered by DNA double-strand break through epigenetic control of senescence-associated genes in Arabidopsis.,2020
0,https://pubmed.ncbi.nlm.nih.gov/31108816/,Restoring fresh texture in cooked aged rice with reducing agents.,2019
0,https://pubmed.ncbi.nlm.nih.gov/39339119/,The Catalytic Effect of Low Molecular Weight Acids on the Physicochemical and Dielectric Properties of Oil-Paper Insulation Systems.,2024
0,https://pubmed.ncbi.nlm.nih.gov/36329649/,Revealing the reasons for the pasting property changes of rice during aging from the perspective of starch granule disaggregation.,2023
1,https://pubmed.ncbi.nlm.nih.gov/28924172/,Multi-characterization of LiCoO,2017
0,https://pubmed.ncbi.nlm.nih.gov/27522057/,"Age-Related Changes in Locomotor Performance Reveal a Similar Pattern for Caenorhabditis elegans, Mus domesticus, Canis familiaris, Equus caballus, and Homo sapiens.",2017
4,https://pubmed.ncbi.nlm.nih.gov/40275319/,The influence of the geroprotective cytokine on the transcriptome of young and senescent mesenchymal stem cells.,2025
0,https://pubmed.ncbi.nlm.nih.gov/6678894/,[Aging mechanisms of the skin].,1983
1,https://pubmed.ncbi.nlm.nih.gov/40949981/,Stress responses and dynamic equilibrium: Key determinants of aging in the ,2025
0,https://pubmed.ncbi.nlm.nih.gov/39985584/,Influence of microplastic aging on the adsorption and desorption behavior of Ni(II) under various aging conditions.,2025
0,https://pubmed.ncbi.nlm.nih.gov/2090960/,[Hyponatremia in the aged person].,1990
0,https://pubmed.ncbi.nlm.nih.gov/7995474/,Mechanical behavior of glass ionomer cements affected by long-term storage in water.,1994
0,https://pubmed.ncbi.nlm.nih.gov/40207290/,Application of voltage controlled crystal oscillators to DC voltage reference validation.,2025
1,https://pubmed.ncbi.nlm.nih.gov/20225467/,Influence of mechanical and chemical degradation on surface gloss of resin composite materials.,2009
0,https://pubmed.ncbi.nlm.nih.gov/12735898/,Models of accelerated ageing can be informative about the molecular mechanisms of ageing and/or age-related pathology.,2003
1,https://pubmed.ncbi.nlm.nih.gov/27960471/,Nanoscale Chemical Evolution of Silicon Negative Electrodes Characterized by Low-Loss STEM-EELS.,2016
1,https://pubmed.ncbi.nlm.nih.gov/40512874/,"Integrative Physiology, Transcriptome, and Metabolome Analysis Reveals Pathways and the Key Gene ",2025
0,https://pubmed.ncbi.nlm.nih.gov/40609839/,Energetic cost of biosynthesis modulates the growth-longevity tradeoff in mice: Quantitative insights into four lifespan-altering manipulations.,2025
3,https://pubmed.ncbi.nlm.nih.gov/8338123/,Effects of angiotensin-converting enzyme inhibition on mitochondrial number in the aging mouse.,1993
1,https://pubmed.ncbi.nlm.nih.gov/20408548/,Structural evidence that human acetylcholinesterase inhibited by tabun ages through O-dealkylation.,2010
0,https://pubmed.ncbi.nlm.nih.gov/40428945/,Laboratory Study on the Stiffening Phenomena Caused by Aging and by the Addition of Kraft Lignin at Low Dosages Measured by Physico-Chemical and Rheological Tests on a Soft Bitumen.,2025
0,https://pubmed.ncbi.nlm.nih.gov/30917486/,Aging Mechanism of a Diatomite-Modified Asphalt Binder Using Fourier-Transform Infrared (FTIR) Spectroscopy Analysis.,2019
4,https://pubmed.ncbi.nlm.nih.gov/26775705/,CSGene: a literature-based database for cell senescence genes and its application to identify critical cell aging pathways and associated diseases.,2016
0,https://pubmed.ncbi.nlm.nih.gov/22439909/,Photochemical aging of α-pinene secondary organic aerosol: effects of OH radical sources and photolysis.,2012
1,https://pubmed.ncbi.nlm.nih.gov/31757933/,Rotating magnetic field delays human umbilical vein endothelial cell aging and prolongs the lifespan of ,2019
0,https://pubmed.ncbi.nlm.nih.gov/40403648/,Temporal evolution stages classification and aging time prediction of gel-pen ink using GC-IMS combined with machine learning for forensic science applications.,2025
4,https://pubmed.ncbi.nlm.nih.gov/11550269/,Effects of cell cycle dependent kinases inhibitor on nuclear and cytoplasmic maturation of porcine oocytes.,2001
0,https://pubmed.ncbi.nlm.nih.gov/38010186/,[Bioelement status of older age residents of Magadan.].,2023
5,https://pubmed.ncbi.nlm.nih.gov/9223117/,HIV infection and aging: mechanisms to explain the accelerated rate of progression in the older patient.,1997
0,https://pubmed.ncbi.nlm.nih.gov/11568309/,Maximum life spans in mice are extended by wild strain alleles.,2001
10,https://pubmed.ncbi.nlm.nih.gov/28968025/,[The role of interactions of transposons with epigenetic factors in the aging process].,2017
0,https://pubmed.ncbi.nlm.nih.gov/18817413/,Field aging of insecticides after repeated application to a northern Thailand ultisol.,2008
1,https://pubmed.ncbi.nlm.nih.gov/31184875/,Infrared Ion Spectroscopy of Environmental Organic Mixtures: Probing the Composition of α-Pinene Secondary Organic Aerosol.,2019
1,https://pubmed.ncbi.nlm.nih.gov/30960942/,Mechanism of Yellowing: Carbonyl Formation during Hygrothermal Aging in a Common Amine Epoxy.,2018
1,https://pubmed.ncbi.nlm.nih.gov/26190639/,Fluorescence fingerprinting of bottled white wines can reveal memories related to sulfur dioxide treatments of the must.,2015
4,https://pubmed.ncbi.nlm.nih.gov/24472617/,"Meeting report: British Society for Research on Ageing (BSRA) annual scientific meeting 2012, Aston University, Birmingham, 3rd to 4th July 2012.",2013
1,https://pubmed.ncbi.nlm.nih.gov/21299191/,Mechanism of recombination losses in bulk heterojunction P3HT:PCBM solar cells studied using intensity modulated photocurrent spectroscopy.,2011
1,https://pubmed.ncbi.nlm.nih.gov/23557515/,Reactive uptake and photo-Fenton oxidation of glycolaldehyde in aerosol liquid water.,2013
1,https://pubmed.ncbi.nlm.nih.gov/40729007/,Antioxidant Activity of ,2025
0,https://pubmed.ncbi.nlm.nih.gov/39683802/,Influence of Relative Humidity on the Mechanical Properties of Palm Leaf Manuscripts: Short-Term Effects and Long-Term Aging.,2024
0,https://pubmed.ncbi.nlm.nih.gov/26253314/,"Assessing comparative terrestrial ecotoxicity of Cd, Co, Cu, Ni, Pb, and Zn: The influence of aging and emission source.",2015
0,https://pubmed.ncbi.nlm.nih.gov/31746557/,Leaching Mechanisms of Industrial Powders of Spent Nickel Metal Hydride Batteries in a Pilot-Scale Reactor.,2020
9,https://pubmed.ncbi.nlm.nih.gov/39662934/,Biological characteristics of age-related changes in C57BL/6 mice sub-strains in the national center for geriatrics and gerontology aging farm.,2025
1,https://pubmed.ncbi.nlm.nih.gov/41106347/,Zero-valent iron accelerates biodegradable plastic fragments (BPFs) aging during aerobic composting: Insights from the composting properties and microbial communities.,2025
8,https://pubmed.ncbi.nlm.nih.gov/18559627/,Effect of aging and anti-aging caloric restriction on the endocrine regulation of rat liver autophagy.,2008
0,https://pubmed.ncbi.nlm.nih.gov/25989694/,[Determination of the four generic fractions of aged bitumen by thin-layer chromatography with flame ionization detection].,2015
0,https://pubmed.ncbi.nlm.nih.gov/25902447/,Physiological and comparative evidence fails to confirm an adaptive role for aging in evolution.,2015
0,https://pubmed.ncbi.nlm.nih.gov/18985429/,Cell volume as a factor limiting the replicative lifespan of the yeast Saccharomyces cerevisiae.,2009
0,https://pubmed.ncbi.nlm.nih.gov/17358389/,Modeling human activity in the spirit of Barabasi's queueing systems.,2007
0,https://pubmed.ncbi.nlm.nih.gov/38131393/,From shear bands to earthquakes in a model granular material with contact aging.,2024
1,https://pubmed.ncbi.nlm.nih.gov/29861940/,Nanoscale interfacial gradients formed by the reactive uptake of OH radicals onto viscous aerosol surfaces.,2015
0,https://pubmed.ncbi.nlm.nih.gov/28809419/,Environmental stability of 2D anisotropic tellurium containing nanomaterials: anisotropic to isotropic transition.,2017
0,https://pubmed.ncbi.nlm.nih.gov/23928486/,NO reduction by CO over Rh/Al2O3 and Rh/AlPO4 catalysts: Metal-support interaction and thermal aging.,2013
1,https://pubmed.ncbi.nlm.nih.gov/35517026/,Deciphering the lithium ion movement in lithium ion batteries: determination of the isotopic abundances of ,2019
1,https://pubmed.ncbi.nlm.nih.gov/20856967/,Functionalization vs. fragmentation: n-aldehyde oxidation mechanisms and secondary organic aerosol formation.,2010
0,https://pubmed.ncbi.nlm.nih.gov/24568738/,Aging-induced chemical and morphological modifications of thin film iron oxide electrodes for lithium-ion batteries.,2014
1,https://pubmed.ncbi.nlm.nih.gov/22380789/,Investigation of the chemical mixing state of individual Asian dust particles by the combined use of electron probe X-ray microanalysis and Raman microspectrometry.,2012
1,https://pubmed.ncbi.nlm.nih.gov/2045715/,Specificity of autologous antibody binding to phenylhydrazine-treated human erythrocytes: implications for models of red blood cell aging.,1991
6,https://pubmed.ncbi.nlm.nih.gov/17258255/,IL-6 immunoreactivity changes during aging in the polychaete Ophryotrocha labronica (Polychaeta: Dorvilleidae).,2007
9,https://pubmed.ncbi.nlm.nih.gov/33280344/,[Clinical and morphological features of Merkel's carcinoma in elderly patients (literature review).].,2020
0,https://pubmed.ncbi.nlm.nih.gov/12522989/,[Important steps towards the understanding of aging mechanisms].,2002
0,https://pubmed.ncbi.nlm.nih.gov/18441485/,[Anti-aging mechanisms of caloric restriction and regular exercise].,2008
3,https://pubmed.ncbi.nlm.nih.gov/7759032/,[Insects as models in aging research?].,1995
0,https://pubmed.ncbi.nlm.nih.gov/1800131/,Applications of chaos theory to the molecular biology of aging.,1991
5,https://pubmed.ncbi.nlm.nih.gov/29350802/,Cellular reprogramming: A new way to understand aging mechanisms.,2018
0,https://pubmed.ncbi.nlm.nih.gov/26321998/,"Examining age-related shared variance between face cognition, vision, and self-reported physical health: a test of the common cause hypothesis for social cognition.",2015
10,https://pubmed.ncbi.nlm.nih.gov/38054565/,Association between SPRY1 and TET3 in skin photoaging and natural aging mechanisms.,2024
0,https://pubmed.ncbi.nlm.nih.gov/31070786/,Allometry and advancing age significantly structure craniofacial variation in adult female baboons.,2019
0,https://pubmed.ncbi.nlm.nih.gov/31038303/,Lifetime and Performance Assessment of Commercial Electric Double-Layer Capacitors Based on Cover Layer Formation.,2019
3,https://pubmed.ncbi.nlm.nih.gov/22253756/,Reduction of mitoferrin results in abnormal development and extended lifespan in Caenorhabditis elegans.,2012
0,https://pubmed.ncbi.nlm.nih.gov/21664309/,Borage and fish oils lifelong supplementation decreases inflammation and improves bone health in a murine model of senile osteoporosis.,2012
1,https://pubmed.ncbi.nlm.nih.gov/17523876/,Mitochondrial oxygen consumption and reactive oxygen species production are independently modulated: implications for aging studies.,2007
4,https://pubmed.ncbi.nlm.nih.gov/40998022/,Pursuing healthy aging and longevity through natural product and stem cell-driven rejuvenation.,2025
3,https://pubmed.ncbi.nlm.nih.gov/40856658/,Mitochondrial proteins as biomarkers of cellular senescence and age-associated diseases.,2025
0,https://pubmed.ncbi.nlm.nih.gov/36717443/,Aging is a Side Effect of the Ontogenesis Program of Multicellular Organisms.,2022
1,https://pubmed.ncbi.nlm.nih.gov/22685434/,Vascular Aging in Women: is Estrogen the Fountain of Youth?,2012
0,https://pubmed.ncbi.nlm.nih.gov/21517143/,Exploring prefrontal cortical memory mechanisms with eyeblink conditioning.,2011
1,https://pubmed.ncbi.nlm.nih.gov/10630588/,Caloric intake and aging: mechanisms in rodents and a study in nonhuman primates.,1999
1,https://pubmed.ncbi.nlm.nih.gov/40277555/,"High-Resolution Tracking of Aging-Related Small Molecules: Bridging Pollutant Exposure, Brain Aging Mechanisms, and Detection Innovations.",2025
6,https://pubmed.ncbi.nlm.nih.gov/40164681/,A computational framework for detecting inter-tissue gene-expression coordination changes with aging.,2025
1,https://pubmed.ncbi.nlm.nih.gov/37394047/,Rotenone-exposure as cytofunctional aging model of human dermal fibroblast prior replicative senescence.,2023
1,https://pubmed.ncbi.nlm.nih.gov/36731386/,"Aging, aerobic exercise, and cardiovascular health: Barriers, alternative strategies and future directions.",2023
1,https://pubmed.ncbi.nlm.nih.gov/32489589/,"Comparative analyses of caste, sex, and developmental stage-specific transcriptomes in two ",2020
4,https://pubmed.ncbi.nlm.nih.gov/29425296/,Inhibiting Cellular Senescence: A New Therapeutic Paradigm for Age-Related Osteoporosis.,2018
1,https://pubmed.ncbi.nlm.nih.gov/29340301/,Stable organic thin-film transistors.,2018
4,https://pubmed.ncbi.nlm.nih.gov/40982213/,Advancing Alzheimer's disease treatment: A literature review on senolytic intervention.,2025
10,https://pubmed.ncbi.nlm.nih.gov/38847964/,A case-control study: epigenetic age acceleration in psoriasis.,2024
4,https://pubmed.ncbi.nlm.nih.gov/38813533/,Failure of senolytic treatment to prevent cognitive decline in a female rodent model of aging.,2024
1,https://pubmed.ncbi.nlm.nih.gov/34338272/,A promising strategy for investigating the anti-aging effect of natural compounds: a case study of caffeoylquinic acids.,2021
8,https://pubmed.ncbi.nlm.nih.gov/33571703/,Pasteurized non-fermented cow's milk but not fermented milk is a promoter of mTORC1-driven aging and increased mortality.,2021
1,https://pubmed.ncbi.nlm.nih.gov/31344616/,Characterization of submicron aerosol volatility in the regional atmosphere in Southern China.,2019
5,https://pubmed.ncbi.nlm.nih.gov/29080400/,Aging and stem cell therapy: AMPK as an applicable pharmacological target for rejuvenation of aged stem cells and achieving higher efficacy in stem cell therapy.,2018
6,https://pubmed.ncbi.nlm.nih.gov/28874111/,The Fall in Older Adults: Physical and Cognitive Problems.,2017
0,https://pubmed.ncbi.nlm.nih.gov/27000754/,Diaphragm abnormalities in heart failure and aging: mechanisms and integration of cardiovascular and respiratory pathophysiology.,2017
1,https://pubmed.ncbi.nlm.nih.gov/26743967/,Mechanisms of degradation of the hybrid layer in adhesive dentistry and therapeutic agents to improve bond durability--A literature review.,2016
0,https://pubmed.ncbi.nlm.nih.gov/39196709/,Gerotherapeutics: aging mechanism-based pharmaceutical and behavioral interventions to reduce cancer racial and ethnic disparities.,2025
1,https://pubmed.ncbi.nlm.nih.gov/37150063/,Polyethylene pipes exposed to chlorine dioxide in drinking water supply system: A critical review of degradation mechanisms and accelerated aging methods.,2023
7,https://pubmed.ncbi.nlm.nih.gov/29616620/,Noninvasive measurement of advanced glycation end-products in the facial skin: New data for skin aging studies.,2017
0,https://pubmed.ncbi.nlm.nih.gov/23852618/,Age-related histological and zinc content changes in adult nonhyperplastic prostate glands.,2014
5,https://pubmed.ncbi.nlm.nih.gov/20586245/,[An outline on the phylogenetic history of metazoa aging phenomenon (to the study of creating a common metazoa aging theory)].,2010
0,https://pubmed.ncbi.nlm.nih.gov/12541104/,"Regional ADC values of the normal brain: differences due to age, gender, and laterality.",2003
4,https://pubmed.ncbi.nlm.nih.gov/40553174/,Elucidating the anti-aging bioactive compounds and mechanisms of Jingfang Granules formula based on network pharmacology and Caenorhabditis elegans.,2025
0,https://pubmed.ncbi.nlm.nih.gov/40363057/,Unveiling Thermal Degradation and Fire Behavior of 110 kV Ultra-High-Voltage Flame-Retardant Cable Sheath After Thermal Aging.,2025
1,https://pubmed.ncbi.nlm.nih.gov/39594034/,Alleviating D-Galactose-Induced Aging in Mice by Modulating Gut-Liver Axis Using ,2024
0,https://pubmed.ncbi.nlm.nih.gov/39160281/,White matter brain-age in diverse forms of epilepsy and interictal psychosis.,2024
1,https://pubmed.ncbi.nlm.nih.gov/37464908/,Nonclinical evaluation of a Vitis vinifera extract towards a novel antiaging cosmetic ingredient.,2023
8,https://pubmed.ncbi.nlm.nih.gov/37100857/,Metabolomics analysis of dietary restriction results in a longer lifespan due to alters of amino acid levels in larval hemolymph of Bombyx mori.,2023
4,https://pubmed.ncbi.nlm.nih.gov/36644152/,Premature aging in childhood cancer survivors.,2023
4,https://pubmed.ncbi.nlm.nih.gov/36442232/,Anti-inflammation and anti-aging mechanisms of mercaptopurine in vivo and in vitro.,2023
4,https://pubmed.ncbi.nlm.nih.gov/35968783/,Upregulated PD-1 signaling antagonizes glomerular health in aged kidneys and disease.,2022
4,https://pubmed.ncbi.nlm.nih.gov/32967298/,Effects of ,2020
4,https://pubmed.ncbi.nlm.nih.gov/32010194/,Biology of Tendon Stem Cells and Tendon in Aging.,2019
3,https://pubmed.ncbi.nlm.nih.gov/36732870/,Lysophospholipids and branched chain amino acids are associated with aging: a metabolomics-based study of Chinese adults.,2023
10,https://pubmed.ncbi.nlm.nih.gov/20157779/,"Genetic, epigenetic and posttranslational mechanisms of aging.",2010
5,https://pubmed.ncbi.nlm.nih.gov/19589949/,Ovarian aging: mechanisms and clinical consequences.,2009
0,https://pubmed.ncbi.nlm.nih.gov/39795486/,Study on the Aging Effects of Relative Humidity on the Primary Chemical Components of Palm Leaf Manuscripts.,2024
1,https://pubmed.ncbi.nlm.nih.gov/38805248/,Peripheral vascular dysfunction and the aging brain.,2024
0,https://pubmed.ncbi.nlm.nih.gov/35329022/,The Aging Process of Cadmium in Paddy Soils under Intermittent Irrigation with Acid Water: A Short-Term Simulation Experiment.,2022
1,https://pubmed.ncbi.nlm.nih.gov/34577934/,Aging Mechanisms and Non-Destructive Aging Indicators of XLPE/CSPE Unshielded LV Nuclear Power Cables Subjected to Simultaneous Radiation-Mechanical Aging.,2021
7,https://pubmed.ncbi.nlm.nih.gov/32514562/,Impact of endoplasmic reticulum stress on oocyte aging mechanisms.,2020
6,https://pubmed.ncbi.nlm.nih.gov/31346213/,Lower levels of α-Klotho in serum are associated with decreased lung function in individuals with interstitial lung abnormalities.,2019
0,https://pubmed.ncbi.nlm.nih.gov/31266171/,Impact of Ultraviolet Radiation on the Aging Properties of SBS-Modified Asphalt Binders.,2019
0,https://pubmed.ncbi.nlm.nih.gov/27535963/,Resilience in Aging Mice.,2016
0,https://pubmed.ncbi.nlm.nih.gov/27010630/,Age-Related Changes to Human Stratum Corneum Lipids Detected Using Time-of-Flight Secondary Ion Mass Spectrometry Following in Vivo Sampling.,2016
0,https://pubmed.ncbi.nlm.nih.gov/23419138/,"Untangling the chemistry of port wine aging with the use of GC-FID, multivariate statistics, and network reconstruction.",2013
1,https://pubmed.ncbi.nlm.nih.gov/22238491/,Insights into the monomers and single drugs of Chinese herbal medicine on myocardial preservation.,2011
0,https://pubmed.ncbi.nlm.nih.gov/17698511/,"Aging pathways for organophosphate-inhibited human butyrylcholinesterase, including novel pathways for isomalathion, resolved by mass spectrometry.",2007
1,https://pubmed.ncbi.nlm.nih.gov/17465698/,Intracerebroventricular injection of oxidant and antioxidant molecules affects long-term potentiation in urethane anaesthetized rats.,2008
1,https://pubmed.ncbi.nlm.nih.gov/17424908/,Molecular mechanisms of calorie restriction's protection against age-related sclerosis.,2006
0,https://pubmed.ncbi.nlm.nih.gov/40770719/,Biological aging and incident cardiovascular diseases in individuals with diabetes: insights from a large prospective cohort study.,2025
4,https://pubmed.ncbi.nlm.nih.gov/40606512/,Adipose Factor ANGPTL4: Its Role in Aging Mechanisms and Associated Diseases.,2025
1,https://pubmed.ncbi.nlm.nih.gov/40522907/,Study on the aging performance of SBS modified asphalt in humid and hot environment.,2025
1,https://pubmed.ncbi.nlm.nih.gov/40254624/,Weathering aging resistance in seasonal frozen regions: A comparative study of SBS- and SBR-modified asphalt binders through rheological and morphological characterization.,2025
6,https://pubmed.ncbi.nlm.nih.gov/37997735/,Plasma Inflammatory Biomarkers and Anorexia of Ageing among Community-Dwelling Older Adults: An Exploratory Analysis of the MAPT Study.,2023
3,https://pubmed.ncbi.nlm.nih.gov/37091543/,Cognitive heterogeneity reveals molecular signatures of age-related impairment.,2023
0,https://pubmed.ncbi.nlm.nih.gov/35107705/,Naked mole-rats maintain cardiac function and body composition well into their fourth decade of life.,2022
4,https://pubmed.ncbi.nlm.nih.gov/33466585/,Severe COVID-19 Lung Infection in Older People and Periodontitis.,2021
0,https://pubmed.ncbi.nlm.nih.gov/30758036/,Physical aging and compressed exponential behaviors in a model soft colloidal system.,2019
1,https://pubmed.ncbi.nlm.nih.gov/25455109/,Understanding the fate and biological effects of Ag- and TiO₂-nanoparticles in the environment: The quest for advanced analytics and interdisciplinary concepts.,2015
1,https://pubmed.ncbi.nlm.nih.gov/40498168/,GLP-1RA and the possible skin aging.,2025
0,https://pubmed.ncbi.nlm.nih.gov/37490099/,Brain-predicted age difference estimated using DeepBrainNet is significantly associated with pain and function-a multi-institutional and multiscanner study.,2023
3,https://pubmed.ncbi.nlm.nih.gov/35491023/,Focus on Molecular Functions of Anti-Aging Deacetylase SIRT3.,2022
1,https://pubmed.ncbi.nlm.nih.gov/34079817/,Alternative Animal Models of Aging Research.,2021
10,https://pubmed.ncbi.nlm.nih.gov/31746071/,Accelerated hippocampal biological aging in bipolar disorder.,2020
2,https://pubmed.ncbi.nlm.nih.gov/26212055/,Aging and Systemic Lupus Erythematosus - Immunosenescence and Beyond.,2015
1,https://pubmed.ncbi.nlm.nih.gov/16603604/,Cyclin D1 degradation enhances endothelial cell survival upon oxidative stress.,2006
5,https://pubmed.ncbi.nlm.nih.gov/41071355/,Therapeutic extracellular vesicles as a cornerstone of medicine in the next decade with gerontological focus.,2025
9,https://pubmed.ncbi.nlm.nih.gov/25434169/,[Search problems of human radiation protection in the world of genetics of aging].,2013
1,https://pubmed.ncbi.nlm.nih.gov/21649718/,"Melatonin, and to a lesser extent growth hormone, restores colonic smooth muscle physiology in old rats.",2011
4,https://pubmed.ncbi.nlm.nih.gov/19475566/,Stepwise up-regulation of microRNA expression levels from replicating to reversible and irreversible growth arrest states in WI-38 human fibroblasts.,2009
4,https://pubmed.ncbi.nlm.nih.gov/40762371/,TSP50 in Neural Stem Cells Regulates Aging-Related Cognitive Decline and Neuroinflammation by Altering the Gut Microbiota.,2025
1,https://pubmed.ncbi.nlm.nih.gov/40409448/,Modulating oxidative capacity to simultaneously enhance microplastics aging and reduce adsorption performance: A novel approach to environmental remediation.,2025
4,https://pubmed.ncbi.nlm.nih.gov/40264357/,The 15-Year Survival Advantage: Immune Resilience as a Salutogenic Force in Healthy Aging.,2025
1,https://pubmed.ncbi.nlm.nih.gov/40105873/,Mitochondrial oxidative stress or decreased autophagy in osteoblast lineage cells is not sufficient to mimic the deleterious effects of aging on bone mechanoresponsiveness.,2025
2,https://pubmed.ncbi.nlm.nih.gov/36061477/,Effects of a Topical Anti-aging Formulation on Skin Aging Biomarkers.,2022
0,https://pubmed.ncbi.nlm.nih.gov/35458363/,"Investigation of XLPE Cable Insulation Using Electrical, Thermal and Mechanical Properties, and Aging Level Adopting Machine Learning Techniques.",2022
4,https://pubmed.ncbi.nlm.nih.gov/29212073/,"Age-Induced Changes in White, Brite, and Brown Adipose Depots: A Mini-Review.",2018
0,https://pubmed.ncbi.nlm.nih.gov/28478233/,Role of ammonium ion and transition metals in the formation of secondary organic aerosol and metallo-organic complex within fog processed ambient deliquescent submicron particles collected in central part of Indo-Gangetic Plain.,2017
1,https://pubmed.ncbi.nlm.nih.gov/28432521/,Intermittent food restriction initiated late in life prolongs lifespan and retards the onset of age-related markers in the annual fish Nothobranchius guentheri.,2017
4,https://pubmed.ncbi.nlm.nih.gov/40618933/,Multi-omics strategies to decode the molecular landscape of cellular senescence.,2025
0,https://pubmed.ncbi.nlm.nih.gov/39053070/,An investigation into the aging mechanism of disposable face masks and the interaction between different influencing factors.,2024
0,https://pubmed.ncbi.nlm.nih.gov/25257646/,Disease-associated polymorphisms in 9p21 are not associated with extreme longevity.,2015
1,https://pubmed.ncbi.nlm.nih.gov/10466351/,[Age-related change in the alpha-tocopherolquinone/alpha-tocopherol ratio in the rat erythrocyte membrane].,1999
1,https://pubmed.ncbi.nlm.nih.gov/37689894/,"Virtual screening, identification, and potential antioxidant mechanism of novel bioactive peptides during aging by a short-chain peptidomics, quantitative structure-activity relationship analysis, and molecular docking.",2023
1,https://pubmed.ncbi.nlm.nih.gov/41019546/,Utilizing nutrition-related biomarkers to develop a nutrition-related aging clock for the chinese demographic.,2025
1,https://pubmed.ncbi.nlm.nih.gov/40808026/,Surface Temperature Assisted State of Charge Estimation for Retired Power Batteries.,2025
3,https://pubmed.ncbi.nlm.nih.gov/24410488/,Partial reversal of skeletal muscle aging by restoration of normal NAD⁺ levels.,2014
4,https://pubmed.ncbi.nlm.nih.gov/34351358/,Applying a Life Course Biological Age Framework to Improving the Care of Individuals With Adult Cancers: Review and Research Recommendations.,2021
4,https://pubmed.ncbi.nlm.nih.gov/40046638/,Profile and clinical significance of SPARCL1 and its prognostic significance in breast cancer.,2025
1,https://pubmed.ncbi.nlm.nih.gov/39607636/,Molecular and Cellular Foundations of Aging of the Brain: Anti-aging Strategies in Alzheimer's Disease.,2024
1,https://pubmed.ncbi.nlm.nih.gov/38575820/,Adsorption properties and mechanism of Cu(II) on virgin and aged microplastics in the aquatic environment.,2024
0,https://pubmed.ncbi.nlm.nih.gov/38507245/,Monitoring the Morphological Changes of Skeleton-PtCo Electrocatalyst during PEMFC Start-Up/Shut-Down probed by in situ WAXS and SAXS.,2024
1,https://pubmed.ncbi.nlm.nih.gov/35954235/,Açaì (,2022
6,https://pubmed.ncbi.nlm.nih.gov/41121355/,Spatiotemporal transcriptomic characteristics of immune and metabolic dysregulation during mouse brain aging.,2025
4,https://pubmed.ncbi.nlm.nih.gov/40119956/,The role of VEGF in vascular dementia: impact of aging and cellular senescence.,2025
5,https://pubmed.ncbi.nlm.nih.gov/40364980/,Measuring Anti-aging Effects in ,2025
0,https://pubmed.ncbi.nlm.nih.gov/40222396/,"Transformative advances in modeling brain aging and longevity: Success, challenges and future directions.",2025
6,https://pubmed.ncbi.nlm.nih.gov/34160893/,Circulating miR-19a-3p and miR-19b-3p characterize the human aging process and their isomiRs associate with healthy status at extreme ages.,2021
1,https://pubmed.ncbi.nlm.nih.gov/32320382/,Swimming exercise stimulates IGF1/ PI3K/Akt and AMPK/SIRT1/PGC1α survival signaling to suppress apoptosis and inflammation in aging hippocampus.,2020
0,https://pubmed.ncbi.nlm.nih.gov/28852962/,Effect of solution pH on aging dynamics and surface structural evolution of mZVI particles: H,2017
4,https://pubmed.ncbi.nlm.nih.gov/24548258/,"In a non-human primate model, aging disrupts the neural control of intestinal smooth muscle contractility in a region-specific manner.",2014
2,https://pubmed.ncbi.nlm.nih.gov/41081995/,POLR3A mutations cause nucleolus abnormalities and aberrant telomerase RNA metabolism in induced pluripotent stem cells from Wiedemann-Rautenstrauch premature aging syndrome patient.,2025
0,https://pubmed.ncbi.nlm.nih.gov/40620652/,Innate immunosenescence and sepsis in the elderly: mechanisms and innate immune modulation strategies.,2025
1,https://pubmed.ncbi.nlm.nih.gov/38966558/,Research on the anti-aging mechanisms of ,2024
1,https://pubmed.ncbi.nlm.nih.gov/23866012/,Iron and iron chelators: a review on potential effects on skin aging.,2013
1,https://pubmed.ncbi.nlm.nih.gov/40880343/,Anti-aging effect of low molecular weight recombinant humanized collagen on photo-aging by activating adherence junction signaling pathways.,2025
1,https://pubmed.ncbi.nlm.nih.gov/40089807/,Human Peripheral Blood Leukocyte Transcriptome-Based Aging Clock Reveals Acceleration of Aging by Bacterial or Viral Infections.,2025
0,https://pubmed.ncbi.nlm.nih.gov/40067048/,Degradation of PGM and PGM-free Coatings on PEMWE Porous Transport Layers.,2025
1,https://pubmed.ncbi.nlm.nih.gov/39624066/,Mitigating Glycation and Oxidative Stress in Aesthetic Medicine: Hyaluronic Acid and Trehalose Synergy for Anti-AGEs Action in Skin Aging Treatment.,2024
4,https://pubmed.ncbi.nlm.nih.gov/39555093/,Enhanced tumor suppression in colorectal cancer via berberine-loaded PEG-PLGA nanoparticles.,2024
1,https://pubmed.ncbi.nlm.nih.gov/39017748/,Network pharmacology-based approach to investigate the molecular targets and molecular mechanisms of Rosmarinus officinalis L. for treating aging-related disorders.,2024
4,https://pubmed.ncbi.nlm.nih.gov/38658505/,Prognostic significance of a signature based on senescence-related genes in colorectal cancer.,2024
1,https://pubmed.ncbi.nlm.nih.gov/34900130/,Statistical mediation of the relationships between chronological age and lipoproteins by nonessential amino acids in healthy men.,2021
2,https://pubmed.ncbi.nlm.nih.gov/34083635/,Football and team handball training postpone cellular aging in women.,2021
6,https://pubmed.ncbi.nlm.nih.gov/33347074/,Rejuvenation of Aged Human Skin by Injection of Cross-linked Hyaluronic Acid.,2021
0,https://pubmed.ncbi.nlm.nih.gov/32421783/,"Early Signs of Gut Microbiome Aging: Biomarkers of Inflammation, Metabolism, and Macromolecular Damage in Young Adulthood.",2020
8,https://pubmed.ncbi.nlm.nih.gov/29295624/,NAD,2019
5,https://pubmed.ncbi.nlm.nih.gov/28748452/,Single-cell transcriptomics reveals gene signatures and alterations associated with aging in distinct neural stem/progenitor cell subpopulations.,2018
1,https://pubmed.ncbi.nlm.nih.gov/27593289/,Characterization of particulate products for aging of ethylbenzene secondary organic aerosol in the presence of ammonium sulfate seed aerosol.,2016
6,https://pubmed.ncbi.nlm.nih.gov/40935193/,Long-term Omega-3 Polyunsaturated Fatty Acid Supplementation Improves Meningeal Lymphatic Function During Brain Aging in Mice.,2025
7,https://pubmed.ncbi.nlm.nih.gov/40657077/,Phenolic Acids Commonly Found in Natural Products Modulate Protein Aggregation in ,2025
0,https://pubmed.ncbi.nlm.nih.gov/40434044/,Matrix-Assisted Laser Desorption Ionization Mass Spectrometry: An Efficient Approach to Monitor Lithium-Ion Battery Electrolyte Degradation while Preserving Analyte Integrity.,2025
1,https://pubmed.ncbi.nlm.nih.gov/40430309/,Aging and Discoloration of Red Lead (Pb,2025
8,https://pubmed.ncbi.nlm.nih.gov/39528552/,Elucidation of anti-human melanoma and anti-aging mechanisms of compounds from green seaweed Caulerpa racemosa.,2024
6,https://pubmed.ncbi.nlm.nih.gov/21233338/,Flow-mediated vasodilation is impaired in adult rat offspring exposed to prenatal hypoxia.,2011
1,https://pubmed.ncbi.nlm.nih.gov/37827306/,On the correlation between hygroscopic properties and chemical composition of cloud condensation nuclei obtained from the chemical aging of soot particles with O,2024
1,https://pubmed.ncbi.nlm.nih.gov/22701690/,Age-related changes in the retinal pigment epithelium (RPE).,2012
6,https://pubmed.ncbi.nlm.nih.gov/20053962/,"Mechanisms of endothelium-dependent vasodilation in male and female, young and aged offspring born growth restricted.",2010
1,https://pubmed.ncbi.nlm.nih.gov/38795184/,Effects of voluntary and forced physical exercise on the retinal health of aging Wistar rats.,2024
1,https://pubmed.ncbi.nlm.nih.gov/38441012/,Integrated Serum Pharmacochemistry and Network Pharmacological Analysis Used To Explore Possible Anti-Aging Mechanisms of the Ginsenosides.,2024
1,https://pubmed.ncbi.nlm.nih.gov/35360681/,Mechanism of Longevity Extension of ,2022
4,https://pubmed.ncbi.nlm.nih.gov/34375437/,Fisetin for COVID-19 in skilled nursing facilities: Senolytic trials in the COVID era.,2021
0,https://pubmed.ncbi.nlm.nih.gov/30040379/,Surface Engineering of a LiMn,2018
0,https://pubmed.ncbi.nlm.nih.gov/34171756/,Global Single Clustering of Phenotype-Associated Human Aging Genes in the Co-Expression and Physical Interaction Networks: An OMIM-Based Investigative Review.,2021
10,https://pubmed.ncbi.nlm.nih.gov/39357883/,Comprehensive analysis of aging-related gene expression patterns and identification of potential intervention targets.,2025
10,https://pubmed.ncbi.nlm.nih.gov/38246968/,Association of biological aging with frailty and post-transplant outcomes among adults with cirrhosis.,2024
1,https://pubmed.ncbi.nlm.nih.gov/35631852/,Study on the Aging Mechanism and Microstructure Analysis of Rice-Husk-Ash- and Crumb-Rubber-Powder-Modified Asphalt.,2022
0,https://pubmed.ncbi.nlm.nih.gov/28393115/,Effect of kynurenic acid on development and aging in wild type and vermilion mutants of ,2016
3,https://pubmed.ncbi.nlm.nih.gov/40370748/,Amyloid-beta peptide toxicity in the aged brain is a one-way journey into Alzheimer's disease.,2025
4,https://pubmed.ncbi.nlm.nih.gov/40023426/,Two polysaccharides from Polygonum multiflorum Thunb. exert anti-aging by regulating P53/P21 pathway and amino acid metabolism.,2025
0,https://pubmed.ncbi.nlm.nih.gov/37486090/,Spectroscopic Evaluation of Surface Chemical Processes Occurring in MoS,2023
0,https://pubmed.ncbi.nlm.nih.gov/33603911/,Adherence to the Mediterranean Diet and Healthy Aging: A Narrative Review over the Last Decade.,2020
4,https://pubmed.ncbi.nlm.nih.gov/31920356/,"Differential Expression of Human N-Alpha-Acetyltransferase 40 (hNAA40), Nicotinamide Phosphoribosyltransferase (NAMPT) and Sirtuin-1 (SIRT-1) Pathway in Obesity and T2DM: Modulation by Metformin and Macronutrient Intake.",2019
4,https://pubmed.ncbi.nlm.nih.gov/30837710/,Differences in eye movement range based on age and gaze direction.,2019
1,https://pubmed.ncbi.nlm.nih.gov/29775377/,Rate and State Friction Relation for Nanoscale Contacts: Thermally Activated Prandtl-Tomlinson Model with Chemical Aging.,2018
1,https://pubmed.ncbi.nlm.nih.gov/20455567/,Application of chemical and thermal analysis methods for studying cellulose ester plastics.,2010
1,https://pubmed.ncbi.nlm.nih.gov/40563322/,A Hydrolyzed Soybean Protein Enhances Oxidative Stress Resistance in ,2025
1,https://pubmed.ncbi.nlm.nih.gov/39103873/,Ameliorative effects of mesenchymal stromal cells on senescence associated phenotypes in naturally aged rats.,2024
6,https://pubmed.ncbi.nlm.nih.gov/33722199/,Correction for both common and rare cell types in blood is important to identify genes that correlate with age.,2021
4,https://pubmed.ncbi.nlm.nih.gov/32997256/,Age-dependent modulation of bone metabolism in zebrafish scales as new model of male osteoporosis in lower vertebrates.,2021
4,https://pubmed.ncbi.nlm.nih.gov/40801036/,Clinical pregnancy outcomes in young women with diminished ovarian reserve undergoing frozen embryo transfer: a comprehensive analysis with exploratory insights into endometrial aging.,2025
3,https://pubmed.ncbi.nlm.nih.gov/39292659/,"Rationale and protocol for a safety, tolerability and feasibility randomized, parallel arm, double-blind, placebo-controlled, pilot study of a novel ketone ester targeting frailty via immunometabolic geroscience mechanisms.",2024
4,https://pubmed.ncbi.nlm.nih.gov/35836799/,Stress-induced premature senescence is associated with a prolonged QT interval and recapitulates features of cardiac aging.,2022
1,https://pubmed.ncbi.nlm.nih.gov/32717936/,Impact of Laboratory-Accelerated Aging Methods to Study Alkali-Silica Reaction and Reinforcement Corrosion on the Properties of Concrete.,2020
8,https://pubmed.ncbi.nlm.nih.gov/15754961/,[Diabetes mellitus in elderly: geroprotective and antidiabetic properties of delta-sleep induced peptide].,2004
1,https://pubmed.ncbi.nlm.nih.gov/40987600/,Investigating the Accelerated Aging of Water-in-Salt Electrolytes: A Focus on Magnesium Perchlorates via Radiolysis.,2025
1,https://pubmed.ncbi.nlm.nih.gov/39981647/,A Human Embryonic Stem Cell-derived Neural Stem Cell Senescence Model Triggered By Oxidative Stress.,2025
8,https://pubmed.ncbi.nlm.nih.gov/39566863/,Nuezhenide of the fruits of Nuzhenzi (Ligustrum lucidum Ait.) is a functional analog of ghrelin.,2025
0,https://pubmed.ncbi.nlm.nih.gov/37712923/,Mechanistic insights on age-related changes in heart-aorta-brain hemodynamic coupling using a pulse wave model of the entire circulatory system.,2023
9,https://pubmed.ncbi.nlm.nih.gov/36773759/,Transposable elements and their role in aging.,2023
4,https://pubmed.ncbi.nlm.nih.gov/35965600/,A protocol for rapid construction of senescent cells.,2022
1,https://pubmed.ncbi.nlm.nih.gov/27714847/,The Effects of Aging and Sex Steroid Deficiency on the Murine Skeleton Are Independent and Mechanistically Distinct.,2017
2,https://pubmed.ncbi.nlm.nih.gov/25916590/,Models to explore genetics of human aging.,2015
1,https://pubmed.ncbi.nlm.nih.gov/40913411/,Skinspan: A Holistic Roadmap for Extending Skin Longevity With Evidence-Based Interventions.,2025
0,https://pubmed.ncbi.nlm.nih.gov/40754032/,Ganoderma lucidum sporoderm-broken spore powder alleviates kidney aging by modulating gut microbiota.,2025
4,https://pubmed.ncbi.nlm.nih.gov/40665343/,p38 mitogen-activated protein kinase drives senescence in CD4,2025
0,https://pubmed.ncbi.nlm.nih.gov/40576911/,PCSK9 expression and cancer survival: a prognostic biomarker at the intersection of oncology and geroscience.,2025
0,https://pubmed.ncbi.nlm.nih.gov/40564423/,Regional Brain Aging Disparity Index: Region-Specific Brain Aging State Index for Neurodegenerative Diseases and Chronic Disease Specificity.,2025
1,https://pubmed.ncbi.nlm.nih.gov/40278375/,LC-MS/MS-Based Determination and Optimization of Linoleic Acid Oxides in ,2025
4,https://pubmed.ncbi.nlm.nih.gov/40076719/,Progerin mRNA Is Associated with Smoking and Signs of Increased Microvascular Damage in Patients with Diabetic Macular Edema.,2025
3,https://pubmed.ncbi.nlm.nih.gov/38819040/,Age-related driving mechanisms of retinal diseases and neuroprotection by transcription factor EB-targeted therapy.,2025
0,https://pubmed.ncbi.nlm.nih.gov/35837479/,Interactions Between Brain ,2022
1,https://pubmed.ncbi.nlm.nih.gov/39162979/,Oxidative stress-induced gene expression changes in prostate epithelial cells in vitro reveal a robust signature of normal prostatic senescence and aging.,2024
1,https://pubmed.ncbi.nlm.nih.gov/35973631/,Dendrobium nobile Lindl. Polysaccharides protect fibroblasts against UVA-induced photoaging via JNK/c-Jun/MMPs pathway.,2022
3,https://pubmed.ncbi.nlm.nih.gov/37961234/,"Rationale and protocol for a safety, tolerability and feasibility randomized, parallel group, double-blind, placebo-controlled, pilot study of a novel ketone ester targeting frailty via immunometabolic geroscience mechanisms.",2023
1,https://pubmed.ncbi.nlm.nih.gov/1651260/,[Aging mechanisms of proteins].,1991
1,https://pubmed.ncbi.nlm.nih.gov/37457030/,Mechanisms underlying the anti-aging activity of bergamot (,2023
0,https://pubmed.ncbi.nlm.nih.gov/40649674/,Study on Performance and Aging Mechanism of Rubber-Modified Asphalt Under Variable-Intensity UV Aging.,2025
2,https://pubmed.ncbi.nlm.nih.gov/38631073/,Leukocyte telomere length in multiple sclerosis: relationship between disability severity and pregnancy history.,2024
0,https://pubmed.ncbi.nlm.nih.gov/35804684/,Effect of Freezing Wheat Dough Enriched with Calcium Salts with/without Inulin on Bread Quality.,2022
1,https://pubmed.ncbi.nlm.nih.gov/41101077/,Bazi Bushen capsule alleviates skin photoaging by targeting the KEAP1-NRF2 pathway.,2025
4,https://pubmed.ncbi.nlm.nih.gov/41079183/,Shared senescence-associated gene networks in PCOS and T2DM: biomarker identification and functional validation.,2025
3,https://pubmed.ncbi.nlm.nih.gov/39209061/,"Breathlessness, Frailty, and Sarcopenia in Older Adults.",2024
1,https://pubmed.ncbi.nlm.nih.gov/35274096/,A Single-Center Study Evaluating the Effects of a Novel Retinol and Cannabidiol Combination Topical on Facial Skin.,2022
1,https://pubmed.ncbi.nlm.nih.gov/29416368/,"Antiaging efficacy of melatonin-based day and night creams: a randomized, split-face, assessor-blinded proof-of-concept trial.",2018
6,https://pubmed.ncbi.nlm.nih.gov/27857051/,Elevation of the ACTH/cortisol ratio in female opioid dependent patients: A biomarker of aging and correlate of metabolic and immune activation.,2016
2,https://pubmed.ncbi.nlm.nih.gov/25416716/,Depressive symptoms and short telomere length are associated with increased mortality in bladder cancer patients.,2015
6,https://pubmed.ncbi.nlm.nih.gov/2102713/,T-cell function in aging: mechanisms of decline.,1990
3,https://pubmed.ncbi.nlm.nih.gov/34823474/,The mtDNA mutation spectrum in the PolG mutator mouse reveals germline and somatic selection.,2021
1,https://pubmed.ncbi.nlm.nih.gov/24556281/,Proteomic analysis of mitochondria from senescent Podospora anserina casts new light on ROS dependent aging mechanisms.,2014
1,https://pubmed.ncbi.nlm.nih.gov/31007971/,A 2-year Double-Blind RCT Follow-up Study with Fermented Papaya Preparation (FPP) Modulating Key Markers in Middle-Age Subjects with Clustered Neurodegenerative Disease-Risk Factors.,2017
4,https://pubmed.ncbi.nlm.nih.gov/31880094/,"1,25-Dihydroxyvitamin D protects against age-related osteoporosis by a novel VDR-Ezh2-p16 signal axis.",2020
3,https://pubmed.ncbi.nlm.nih.gov/30610899/,The age-related changes and differences in energy metabolism and glutamate-glutamine recycling in the d-gal-induced and naturally occurring senescent astrocytes in vitro.,2019
8,https://pubmed.ncbi.nlm.nih.gov/17915019/,"Gene expression profiling of long-lived dwarf mice: longevity-associated genes and relationships with diet, gender and aging.",2007
0,https://pubmed.ncbi.nlm.nih.gov/34878765/,Aging and Charge Compensation Effects of the Rechargeable Aqueous Zinc/Copper Hexacyanoferrate Battery Elucidated Using In Situ X-ray Techniques.,2021
0,https://pubmed.ncbi.nlm.nih.gov/32833441/,Inhibition of Acetylcholinesterases by Stereoisomeric Organophosphorus Compounds Containing Both Thioester and ,2020
0,https://pubmed.ncbi.nlm.nih.gov/23598683/,Three layer functional model and energy exchange concept of aging process.,2006
6,https://pubmed.ncbi.nlm.nih.gov/40323328/,Single-cell transcriptomics of human skin reveals age-associated specificity of distinct cell populations.,2025
1,https://pubmed.ncbi.nlm.nih.gov/32349473/,Re-examining Dust Chemical Aging and Its Impacts on Earth's Climate.,2020
0,https://pubmed.ncbi.nlm.nih.gov/39260708/,Review on ginseng and its potential active substance G-Rg2 against age-related diseases: Traditional efficacy and mechanism.,2025
1,https://pubmed.ncbi.nlm.nih.gov/30872984/,Age-Related Hearing Loss Is Accelerated by Repeated Short-Duration Loud Sound Stimulation.,2019
4,https://pubmed.ncbi.nlm.nih.gov/34262589/,Analysis of Age-Related Circular RNA Expression Profiles in Mesenchymal Stem Cells of Rat Bone Marrow.,2021
10,https://pubmed.ncbi.nlm.nih.gov/38634280/,Atherosclerotic Plaque Epigenetic Age Acceleration Predicts a Poor Prognosis and Is Associated With Endothelial-to-Mesenchymal Transition in Humans.,2024
0,https://pubmed.ncbi.nlm.nih.gov/18380231/,Humic substances. Part 2: Interactions with organisms.,2008
6,https://pubmed.ncbi.nlm.nih.gov/40750489/,The impact of metabolic bariatric surgery on biological markers of aging: a 2-year prospective observational study.,2025
1,https://pubmed.ncbi.nlm.nih.gov/37065700/,Effects of plant age on antioxidant activity and endogenous hormones in Alpine ,2023
6,https://pubmed.ncbi.nlm.nih.gov/39413938/,Taxus chinensis (Pilg.) Rehder fruit attenuates aging behaviors and neuroinflammation by inhibiting microglia activation via TLR4/NF-κB/NLRP3 pathway.,2025
4,https://pubmed.ncbi.nlm.nih.gov/38880400/,Study on the anti-skin aging effect and mechanism of Sijunzi Tang based on network pharmacology and experimental validation.,2024
0,https://pubmed.ncbi.nlm.nih.gov/40084534/,Age- and Sex-Specific Patterns in Adult Brain Network Segregation.,2025
0,https://pubmed.ncbi.nlm.nih.gov/27551891/,"Novel Organophosphate Ligand O-(2-Fluoroethyl)-O-(p-Nitrophenyl)Methylphosphonate: Synthesis, Hydrolytic Stability and Analysis of the Inhibition and Reactivation of Cholinesterases.",2016
